source_id,official_title,organization,publication_year,edition_version,source_type,specialty,topic,country,official_url,download_date,is_current,local_filename,folder,status,notes
icmr_stw_india_vol1_2019,Standard Treatment Workflows of India Volume 1,ICMR / DHR / MoHFW,2019,Volume 1,clinical_guideline,multidisciplinary,standard treatment workflows,India,,2026-10-02,FALSE,ICMR_DHR_MoHFW_2019_STW_Volume_1.pdf,03_MOHFW_STW,registered,Older master STW volume; individual topics may have newer updates
icmr_stw_india_vol2_tb_2022,Standard Treatment Workflows of India Volume 2 - Special Edition on Paediatric and Extrapulmonary Tuberculosis,ICMR / DHR / MoHFW,2022,Volume 2 Special Edition,clinical_guideline,infectious disease,tuberculosis,India,,2026-10-02,FALSE,ICMR_DHR_MoHFW_2022_STW_Volume_2_Paediatric_Extrapulmonary_TB.pdf,03_MOHFW_STW,registered,Retained as authoritative historical baseline; newer TB guidance will be checked separately
icmr_stw_india_vol3_2022,Standard Treatment Workflows of India Volume 3,ICMR / DHR / MoHFW,2022,Volume 3,clinical_guideline,multidisciplinary,standard treatment workflows,India,,2026-10-02,FALSE,ICMR_DHR_MoHFW_2022_STW_Volume_3.pdf,03_MOHFW_STW,registered,Older master STW volume; newer individual workflows will supersede relevant topics
icmr_stw_india_vol4_2024,Standard Treatment Workflows of India Volume IV,ICMR / DHR / MoHFW,2024,Volume IV,clinical_guideline,multidisciplinary,standard treatment workflows,India,https://www.icmr.gov.in/icmrobject/uploads/STWs/1733131852_stw_vol_4_2024.pdf,2026-10-02,TRUE,ICMR_DHR_MoHFW_2024_STW_Volume_4.pdf,03_MOHFW_STW,registered,Latest master STW volume currently listed by ICMR; individual newer topic-specific workflows may supersede individual topics
icmr_stw_hypertension_adults_2026,Standard Treatment Workflow - Hypertension in Adults,ICMR / DHR / MoHFW,2026,May 2026,clinical_guideline,cardiology,hypertension,India,https://www.icmr.gov.in/icmrobject/uploads/STWs/1778941063_hypertensioninadults_final.pdf,2026-10-02,TRUE,ICMR_DHR_MoHFW_2026_STW_Hypertension_in_Adults.pdf,03_MOHFW_STW,registered,Newer topic-specific STW; should take precedence over older hypertension guidance where applicable
who_tb_module4_treatment_care_2026_2ed,WHO Consolidated Guidelines on Tuberculosis Module 4 - Treatment and Care,World Health Organization,2026,Second Edition,clinical_guideline,infectious disease,tuberculosis,Global,https://www.who.int/publications/i/item/9789240125124,2026-10-02,TRUE,WHO_2026_TB_Module4_Treatment_and_Care_2ndEd.pdf,04_WHO,registered,Current WHO TB treatment and care edition in this knowledge base
who_tb_module3_diagnosis_2025,WHO Consolidated Guidelines on Tuberculosis Module 3 - Diagnosis,World Health Organization,2025,2025 edition,clinical_guideline,infectious disease,tuberculosis diagnosis,Global,https://www.who.int/publications/i/item/9789240107984,2026-10-02,TRUE,WHO_2025_TB_Module3_Diagnosis.pdf,04_WHO,registered,WHO guidance for TB detection diagnosis and drug-resistance testing
who_malaria_guidelines_2025_08_13,WHO Guidelines for Malaria,World Health Organization,2025,13 August 2025,clinical_guideline,infectious disease,malaria,Global,https://www.who.int/publications-detail-redirect/guidelines-for-malaria,2026-10-02,TRUE,WHO_2025_Guidelines_for_Malaria_2025-08-13.pdf,04_WHO,registered,Versioned by exact PDF date because WHO malaria recommendations may be updated
who_childhood_asthma_bronchiolitis_2026,WHO Consolidated Guidelines for the Management of Common Childhood Illness - Management of Asthma in Children and Adolescents and Bronchiolitis in Infants and Young Children,World Health Organization,2026,2026 edition,clinical_guideline,paediatrics,asthma and bronchiolitis,Global,https://www.who.int/publications/i/item/9789240122680,2026-10-02,TRUE,WHO_2026_Childhood_Asthma_and_Bronchiolitis.pdf,04_WHO,registered,Current WHO paediatric respiratory guidance in this knowledge base
who_paediatric_sickle_cell_2026,WHO Consolidated Guidelines for the Management of Common Childhood Illness - Management of Sickle-Cell Disease in Children and Adolescents,World Health Organization,2026,2026 edition,clinical_guideline,paediatrics,sickle cell disease,Global,https://www.who.int/publications/i/item/9789240122666,2026-10-02,TRUE,WHO_2026_Paediatric_Sickle_Cell_Disease.pdf,04_WHO,registered,WHO paediatric sickle-cell disease guideline
who_icope_older_people_2025_2ed,Integrated Care for Older People - Guidance for Person-Centred Assessment and Pathways in Primary Care,World Health Organization,2025,Second Edition,clinical_guideline,geriatrics,integrated care for older people,Global,https://www.who.int/publications/i/item/9789240103726,2026-10-02,TRUE,WHO_2025_ICOPE_Older_People_2ndEd.pdf,05_GERIATRIC,registered,Core geriatric source for future older-person and caretaker workflows
who_hiv_clinical_management_2025,WHO Updated Recommendations on HIV Clinical Management - Recommendations for a Public Health Approach,World Health Organization,2025,2025 update,clinical_guideline,infectious disease,HIV clinical management,Global,https://www.who.int/publications/i/item/9789240119468,2026-10-02,TRUE,WHO_2025_HIV_Clinical_Management_Updated_Recommendations.pdf,04_WHO,registered,Current WHO HIV clinical management recommendations in this knowledge base
who_advanced_hiv_disease_2025,WHO Guidelines on the Management of Advanced HIV Disease,World Health Organization,2025,2025 edition,clinical_guideline,infectious disease,advanced HIV disease,Global,https://www.who.int/publications/i/item/9789240118164,2026-10-02,TRUE,WHO_2025_Advanced_HIV_Disease.pdf,04_WHO,registered,Focused WHO guidance for advanced HIV disease
who_hepatitis_bc_2026,Consolidated Guidance on Hepatitis B and C Prevention Testing Treatment Service Delivery and Monitoring - An Implementation Handbook for a Public Health Approach,World Health Organization,2026,2026 edition,clinical_guideline,infectious disease,hepatitis B and C,Global,https://www.who.int/publications/i/item/9789240119529,2026-10-02,TRUE,WHO_2026_Hepatitis_B_C_Consolidated_Guidance.pdf,04_WHO,registered,Current consolidated WHO hepatitis B and C guidance in this knowledge base
who_pph_2025,Consolidated Guidelines for the Prevention Diagnosis and Treatment of Postpartum Haemorrhage,World Health Organization,2025,2025 edition,clinical_guideline,obstetrics,postpartum haemorrhage,Global,https://www.who.int/publications/i/item/9789240115637,2026-10-02,TRUE,WHO_2025_Postpartum_Haemorrhage_Guidelines.pdf,04_WHO,registered,Current consolidated WHO PPH clinical guidance in this knowledge base
icmr_amr_common_syndromes_2022_web,ICMR Treatment Guidelines for Antimicrobial Use in Common Syndromes,Indian Council of Medical Research,2022,2022 web guideline,clinical_guideline_web_archive,infectious disease,antimicrobial use and common infectious syndromes,India,https://amrtg.icmr.org.in/,2026-10-02,TRUE,ICMR_2022_Treatment_Guidelines_Antimicrobial_Use_Common_Syndromes_Clean_Web_Archive.pdf,02_ICMR,registered,Locally generated clean PDF archive compiled from official ICMR web guideline pages; not an original ICMR-issued standalone PDF; preserve accompanying URL manifest for provenance
icmr_carbapenem_resistant_gn_2022,Guidance on Diagnosis and Management of Carbapenem Resistant Gram-negative Infections,Indian Council of Medical Research,2022,2022 edition,clinical_guideline,infectious disease,carbapenem resistant gram-negative infections,India,https://www.icmr.gov.in/icmrobject/custom_data/pdf/resource-guidelines/Diagnosis_and_management_of_CROs.pdf,2026-10-02,TRUE,ICMR_2022_Carbapenem_Resistant_Gram_Negative_Infections.pdf,02_ICMR,registered,Official ICMR guidance on diagnosis and management of carbapenem-resistant Gram-negative infections
icmr_type1_diabetes_management,Guidelines for Management of Type 1 Diabetes,Indian Council of Medical Research,,ICMR guideline,clinical_guideline,endocrinology,type 1 diabetes,India,https://www.icmr.gov.in/icmrobject/custom_data/pdf/resource-guidelines/ICMR_Guidelines_for_Management_of_Type_1_Diabetes.pdf,2026-10-02,TRUE,ICMR_Guidelines_for_Management_of_Type_1_Diabetes.pdf,02_ICMR,registered,Official ICMR guideline; publication year not stated on the current catalogue page and should be verified from the PDF title pages before ingestion
icmr_type2_diabetes_management_2018,Guidelines for Management of Type 2 Diabetes,Indian Council of Medical Research,2018,2018 edition,clinical_guideline,endocrinology,type 2 diabetes,India,https://www.icmr.gov.in/icmrobject/custom_data/pdf/resource-guidelines/ICMR_GuidelinesType2diabetes2018_0.pdf,2026-10-02,TRUE,ICMR_2018_Guidelines_for_Management_of_Type_2_Diabetes.pdf,02_ICMR,registered,Official ICMR Type 2 Diabetes management guideline
icmr_celiac_disease_management,ICMR Guideline on Diagnosis and Management of Celiac Disease,Indian Council of Medical Research,,ICMR guideline,clinical_guideline,gastroenterology,celiac disease,India,https://www.icmr.gov.in/icmrobject/custom_data/pdf/resource-guidelines/ICMR%20-%20Diagnosis%20and%20Managmemnt.pdf,2026-10-02,TRUE,ICMR_Guideline_Diagnosis_Management_Celiac_Disease.pdf,02_ICMR,registered,Official ICMR guideline on diagnosis and management of celiac disease; publication year to be verified from the PDF before ingestion
icmr_rickettsial_diseases_india,ICMR Guidelines on Diagnosis and Management of Rickettsial Diseases in India,Indian Council of Medical Research,,ICMR guideline,clinical_guideline,infectious disease,rickettsial diseases,India,https://www.icmr.gov.in/icmrobject/custom_data/pdf/resource-guidelines/DHR-ICMR%20Guidelines%20on%20Ricketesial%20Diseases.pdf,2026-10-02,TRUE,ICMR_Guidelines_Diagnosis_Management_Rickettsial_Diseases_India.pdf,02_ICMR,registered,Official ICMR guidance on diagnosis and management of rickettsial diseases in India; publication year to be verified from PDF metadata/title pages before ingestion
icmr_retinoblastoma_management,National Guidelines in the Management of Retinoblastoma,Indian Council of Medical Research,,ICMR guideline,clinical_guideline,oncology,retinoblastoma,India,https://www.icmr.gov.in/icmrobject/custom_data/pdf/resource-guidelines/RB_Document.pdf,2026-10-02,TRUE,ICMR_National_Guidelines_Management_Retinoblastoma.pdf,02_ICMR,registered,Official ICMR national consensus guidance for management of retinoblastoma; publication year to be verified from PDF before ingestion
icmr_cervix_cancer_management,Consensus Document for the Management of Cancer Cervix,Indian Council of Medical Research,,ICMR consensus document,clinical_guideline,oncology,cervical cancer,India,https://www.icmr.gov.in/icmrobject/custom_data/pdf/resource-guidelines/Consensus%20Document%20for%20The%20Management%20of%20Cancer%20Cervix_0.pdf,2026-10-02,TRUE,ICMR_Consensus_Management_Cervix_Cancer.pdf,02_ICMR,registered,Official ICMR cancer-management consensus document; publication year to be verified from PDF before ingestion
icmr_colorectal_cancer_management,Consensus Document for Management of Colorectal Cancer,Indian Council of Medical Research,,ICMR consensus document,clinical_guideline,oncology,colorectal cancer,India,https://www.icmr.gov.in/icmrobject/custom_data/pdf/resource-guidelines/Colorectal%20Cancer_0.pdf,2026-10-02,TRUE,ICMR_Consensus_Management_Colorectal_Cancer.pdf,02_ICMR,registered,Official ICMR cancer-management consensus document; publication year to be verified from PDF before ingestion
icmr_esophageal_cancer_management_2014,Consensus Document for Management of Esophageal Cancer,Indian Council of Medical Research,2014,2014 edition,clinical_guideline,oncology,esophageal cancer,India,https://www.icmr.gov.in/icmrobject/custom_data/pdf/resource-guidelines/Esophagus%20final%20ICMR2014_0.pdf,2026-10-02,TRUE,ICMR_2014_Consensus_Management_Esophageal_Cancer.pdf,02_ICMR,registered,Official ICMR cancer-management consensus document
icmr_gastric_cancer_management,Consensus Document for Management of Gastric Cancer,Indian Council of Medical Research,,ICMR consensus document,clinical_guideline,oncology,gastric cancer,India,https://www.icmr.gov.in/icmrobject/custom_data/pdf/resource-guidelines/Gastric%20Cancer%20Final%20pdf%20for%20farrow_0.pdf,2026-10-02,TRUE,ICMR_Consensus_Management_Gastric_Cancer.pdf,02_ICMR,registered,Official ICMR cancer-management consensus document; publication year to be verified from PDF before ingestion
icmr_gallbladder_cancer_management,Consensus Document for Management of Gallbladder Cancer,Indian Council of Medical Research,,ICMR consensus document,clinical_guideline,oncology,gallbladder cancer,India,https://www.icmr.gov.in/icmrobject/custom_data/pdf/resource-guidelines/GALLBLADDER%20CANCER_0.pdf,2026-10-02,TRUE,ICMR_Consensus_Management_Gallbladder_Cancer.pdf,02_ICMR,registered,Official ICMR cancer-management consensus document; publication year to be verified from PDF before ingestion
icmr_larynx_hypopharynx_cancers,Consensus Document for Management of Larynx and Hypopharynx Cancers,Indian Council of Medical Research,,ICMR consensus document,clinical_guideline,oncology,larynx and hypopharynx cancers,India,https://www.icmr.gov.in/icmrobject/custom_data/pdf/resource-guidelines/Larynx%20and%20Hypopharynx%20Cancers_0.pdf,2026-10-02,TRUE,ICMR_Consensus_Management_Larynx_Hypopharynx_Cancers.pdf,02_ICMR,registered,Official ICMR cancer-management consensus document; publication year to be verified from PDF before ingestion
icmr_mds_management,Consensus Document for Management of Myelodysplastic Syndrome,Indian Council of Medical Research,,ICMR consensus document,clinical_guideline,hematology oncology,myelodysplastic syndrome,India,https://www.icmr.gov.in/icmrobject/custom_data/pdf/resource-guidelines/MSS_Myelodysplastic_Syndrome_MDS.pdf,2026-10-02,TRUE,ICMR_Consensus_Management_Myelodysplastic_Syndrome_MDS.pdf,02_ICMR,registered,Official ICMR guidance for myelodysplastic syndrome; publication year to be verified from PDF before ingestion
icmr_multiple_myeloma_management,Consensus Document for Management of Multiple Myeloma,Indian Council of Medical Research,,ICMR consensus document,clinical_guideline,hematology oncology,multiple myeloma,India,https://www.icmr.gov.in/icmrobject/custom_data/pdf/resource-guidelines/Multiple%20Myeloma_0.pdf,2026-10-02,TRUE,ICMR_Consensus_Management_Multiple_Myeloma.pdf,02_ICMR,registered,Official ICMR cancer-management consensus document; publication year to be verified from PDF before ingestion
icmr_high_grade_nhl_2016,Consensus Document for Management of High-Grade Non-Hodgkin Lymphoma,Indian Council of Medical Research,2016,2016 edition,clinical_guideline,hematology oncology,high-grade non-Hodgkin lymphoma,India,https://www.icmr.gov.in/icmrobject/custom_data/pdf/resource-guidelines/NHL-HG%2029.06.2016_0.pdf,2026-10-02,TRUE,ICMR_2016_Consensus_Management_High_Grade_Non_Hodgkin_Lymphoma.pdf,02_ICMR,registered,Official ICMR high-grade non-Hodgkin lymphoma guidance
icmr_prostate_cancer_management,Consensus Document for Management of Prostate Cancer,Indian Council of Medical Research,,ICMR consensus document,clinical_guideline,oncology,prostate cancer,India,https://www.icmr.gov.in/icmrobject/custom_data/pdf/resource-guidelines/Prostate_Cancer_Consensus_Doc.pdf,2026-10-02,TRUE,ICMR_Consensus_Management_Prostate_Cancer.pdf,02_ICMR,registered,Official ICMR cancer-management consensus document; publication year to be verified from PDF before ingestion
icmr_ovarian_cancer_management,Consensus Document for Management of Ovarian Cancer,Indian Council of Medical Research,,ICMR consensus document,clinical_guideline,oncology,ovarian cancer,India,https://www.icmr.gov.in/icmrobject/custom_data/pdf/resource-guidelines/Ovarian_Cancer.pdf,2026-10-02,TRUE,ICMR_Consensus_Management_Ovarian_Cancer.pdf,02_ICMR,registered,Official ICMR cancer-management consensus document; publication year to be verified from PDF before ingestion
icmr_soft_tissue_sarcoma_osteosarcoma,Consensus Document for Management of Soft Tissue Sarcoma and Osteosarcoma,Indian Council of Medical Research,,ICMR consensus document,clinical_guideline,oncology,soft tissue sarcoma and osteosarcoma,India,https://www.icmr.gov.in/icmrobject/custom_data/pdf/resource-guidelines/SARCOMA%20AND%20OSTEOSARCOMA%20final%20pdf_0.pdf,2026-10-02,TRUE,ICMR_Consensus_Management_Soft_Tissue_Sarcoma_Osteosarcoma.pdf,02_ICMR,registered,Official ICMR cancer-management consensus document; publication year to be verified from PDF before ingestion
icmr_pediatric_lymphoma_solid_tumors,Consensus Document for Management of Pediatric Lymphomas and Solid Tumors,Indian Council of Medical Research,,ICMR consensus document,clinical_guideline,paediatric oncology,pediatric lymphomas and solid tumors,India,https://www.icmr.gov.in/icmrobject/custom_data/pdf/resource-guidelines/PEDIATRIC_LYMPHOMAS_AND_SOLID_TUMORS_0.pdf,2026-10-02,TRUE,ICMR_Consensus_Management_Pediatric_Lymphoma_Solid_Tumors.pdf,02_ICMR,registered,Official ICMR paediatric oncology consensus document; publication year to be verified from PDF before ingestion
icmr_hepatocellular_carcinoma_management,Consensus Document for Management of Hepatocellular Carcinoma,Indian Council of Medical Research,,ICMR consensus document,clinical_guideline,oncology,hepatocellular carcinoma,India,https://www.icmr.gov.in/icmrobject/custom_data/pdf/resource-guidelines/Consensus_Document_1.pdf,2026-10-02,TRUE,ICMR_Consensus_Management_Hepatocellular_Carcinoma.pdf,02_ICMR,registered,Official ICMR cancer-management consensus document; publication year to be verified from PDF before ingestion
icmr_neuroendocrine_tumours_management,Consensus Document for Management of Neuroendocrine Tumours,Indian Council of Medical Research,,ICMR consensus document,clinical_guideline,oncology,neuroendocrine tumours,India,https://www.icmr.gov.in/icmrobject/custom_data/pdf/resource-guidelines/Consensus_2.pdf,2026-10-02,TRUE,ICMR_Consensus_Management_Neuroendocrine_Tumours.pdf,02_ICMR,registered,Official ICMR cancer-management consensus document; publication year to be verified from PDF before ingestion
icmr_pancreatic_cancer_management,Consensus Document for Management of Pancreatic Cancer,Indian Council of Medical Research,,ICMR consensus document,clinical_guideline,oncology,pancreatic cancer,India,https://www.icmr.gov.in/icmrobject/custom_data/pdf/resource-guidelines/consensu_3.pdf,2026-10-02,TRUE,ICMR_Consensus_Management_Pancreatic_Cancer.pdf,02_ICMR,registered,Official ICMR cancer-management consensus document; publication year to be verified from PDF before ingestion
icmr_breast_cancer_management,Breast Cancer,Indian Council of Medical Research,,ICMR consensus document,clinical_guideline,oncology,breast cancer,India,https://www.icmr.gov.in/icmrobject/custom_data/pdf/resource-guidelines/Breast_Cancer.pdf,2026-10-02,TRUE,ICMR_Consensus_Management_Breast_Cancer.pdf,02_ICMR,registered,Official ICMR breast-cancer management document; publication year to be verified from PDF before ingestion
icmr_buccal_mucosa_cancer_2014,Buccal Mucosa Cancer,Indian Council of Medical Research,2014,2014 edition,clinical_guideline,oncology,buccal mucosa cancer,India,https://www.icmr.gov.in/icmrobject/custom_data/pdf/resource-guidelines/Buccal%20Mucosa%20Cancer%20final%20pdf%209.6.14.pdf,2026-10-02,TRUE,ICMR_2014_Consensus_Management_Buccal_Mucosa_Cancer.pdf,02_ICMR,registered,Official ICMR cancer-management document
icmr_tongue_cancer_management,Tongue Cancer,Indian Council of Medical Research,,ICMR consensus document,clinical_guideline,oncology,tongue cancer,India,https://www.icmr.gov.in/icmrobject/custom_data/pdf/resource-guidelines/tongue.pdf,2026-10-02,TRUE,ICMR_Consensus_Management_Tongue_Cancer.pdf,02_ICMR,registered,Official ICMR tongue-cancer management document; publication year to be verified from PDF before ingestion
icmr_urinary_bladder_cancer_management,Urinary Bladder Cancer,Indian Council of Medical Research,,ICMR consensus document,clinical_guideline,oncology,urinary bladder cancer,India,https://www.icmr.gov.in/icmrobject/uploads/Guidelines/1736419688_printedubcancerdocument.pdf,2026-10-02,TRUE,ICMR_Consensus_Management_Urinary_Bladder_Cancer.pdf,02_ICMR,registered,Official ICMR urinary-bladder cancer management document; publication year to be verified from PDF before ingestion
icmr_uterine_cancer_management,Uterine Cancer,Indian Council of Medical Research,,ICMR consensus document,clinical_guideline,oncology,uterine cancer,India,https://www.icmr.gov.in/icmrobject/custom_data/pdf/resource-guidelines/Uterine_Cancer.pdf,2026-10-02,TRUE,ICMR_Consensus_Management_Uterine_Cancer.pdf,02_ICMR,registered,Official ICMR uterine-cancer management document; publication year to be verified from PDF before ingestion
icmr_sop_immunophenotyping_hematolymphoid_neoplasms,Standard Operating Procedures for Immunophenotyping of Hematolymphoid Neoplasms,Indian Council of Medical Research,,ICMR laboratory SOP,diagnostic_guideline,hematopathology,immunophenotyping of hematolymphoid neoplasms,India,https://www.icmr.gov.in/icmrobject/custom_data/pdf/resource-guidelines/Immunophenotyping%20of%20Hematolymphoid%20Neoplasms_0.pdf,2026-10-02,TRUE,ICMR_SOP_Immunophenotyping_Hematolymphoid_Neoplasms.pdf,02_ICMR,registered,Official ICMR laboratory SOP; keep retrievable as diagnostic guidance rather than general treatment guidance
icmr_acute_myeloid_leukemia,Acute Myeloid Leukemia,Indian Council of Medical Research,,ICMR guideline,clinical_guideline,hematology oncology,acute myeloid leukemia,India,https://www.icmr.gov.in/icmrobject/custom_data/pdf/resource-guidelines/Revised_ICMR_Guidelines_2_December.pdf,2026-10-02,TRUE,ICMR_Consensus_Management_Acute_Myeloid_Leukemia.pdf,02_ICMR,registered,ICMR catalogue category: Cancer; official ICMR clinical guideline; publication year to be verified from PDF before ingestion
icmr_rapid_diagnostics_ast_2025,Guidance Document: Validation of Rapid Diagnostics for Pathogen Identification and Antimicrobial Susceptibility Testing,Indian Council of Medical Research,2025,2025 guidance,diagnostic_guideline,microbiology,rapid diagnostics and antimicrobial susceptibility testing,India,,2026-10-02,TRUE,ICMR_2025_Validation_Rapid_Diagnostics_Pathogen_AST.pdf,02_ICMR,registered,ICMR catalogue category: Antimicrobial Resistance; diagnostic and laboratory guidance rather than general treatment guidance
icmr_gclp_2021,ICMR Good Clinical Laboratory Practices,Indian Council of Medical Research,2021,2021 edition,laboratory_guideline,clinical laboratory,good clinical laboratory practices,India,,2026-10-02,TRUE,ICMR_2021_Good_Clinical_Laboratory_Practices.pdf,02_ICMR,registered,ICMR catalogue category: Clinical Laboratory; laboratory quality and practice guidance
icmr_hct_guidelines_2021,National Guidelines for Hematopoietic Cell Transplantation,Indian Council of Medical Research,2021,2021 edition,clinical_guideline,hematology,hematopoietic cell transplantation,India,,2026-10-02,TRUE,ICMR_2021_National_Guidelines_Hematopoietic_Cell_Transplantation.pdf,02_ICMR,registered,ICMR catalogue category: Stem Cell Research; specialist transplantation guidance
icmr_dnar_2020,ICMR Consensus Guidelines on Do Not Attempt Resuscitation,Indian Council of Medical Research,2020,2020 IJMR publication,clinical_ethics_guideline,clinical ethics,do not attempt resuscitation and end-of-life care,India,https://www.icmr.gov.in/icmrobject/uploads/Guidelines/1724842969_icmr_consensus_guidelines_on__do_not_attempt_ijmr.pdf,2026-10-02,TRUE,ICMR_2020_Consensus_Guidelines_Do_Not_Attempt_Resuscitation.pdf,02_ICMR,registered,ICMR catalogue category: Ethics; clinical end-of-life decision guidance
ada_soc_2026_abridged,Standards of Care in Diabetes—2026 Abridged for Primary Care Professionals,American Diabetes Association,2026,2026 abridged edition,clinical_guideline,endocrinology,diabetes,Global,https://diabetesjournals.org/docm-care/article/doi/10.2337/doc26-aint/164620/Standards-of-Care-in-Diabetes-2026-Abridged-for,2026-10-02,TRUE,ADA_2026_Standards_of_Care_in_Diabetes_Abridged.pdf,06_OTHER_VERIFIED_GUIDELINES/ADA,reference_only,ADA permits educational noncommercial use with citation but states text/data mining machine learning and similar uses require prior written permission; do not ingest into RAG without permission
kdigo_ckd_2024,KDIGO 2024 Clinical Practice Guideline for the Evaluation and Management of Chronic Kidney Disease,Kidney Disease: Improving Global Outcomes,2024,2024 guideline,clinical_guideline,nephrology,chronic kidney disease,Global,https://kdigo.org/guidelines/ckd-evaluation--and-management/,2026-10-02,TRUE,KDIGO_2024_CKD_Evaluation_Management_Guideline.pdf,06_OTHER_VERIFIED_GUIDELINES/KDIGO,registered,Category: Nephrology / Chronic Kidney Disease; current KDIGO CKD guideline; a focused update to Chapter 3 is under development but the 2024 guideline remains the current global standard
gina_asthma_2026,Global Strategy for Asthma Management and Prevention,Global Initiative for Asthma,2026,2026 update,clinical_guideline,pulmonology,asthma,Global,https://ginasthma.org/2026-gina-strategy-report/,2026-10-02,TRUE,GINA_2026_Global_Strategy_Asthma_Management_Prevention.pdf,06_OTHER_VERIFIED_GUIDELINES/GINA,reference_only,Category: Respiratory / Asthma; official 2026 GINA strategy report; GINA states its documents are copyright-protected and commercial or promotional use requires approval; keep as reference-only unless reuse/embedding permission is confirmed
gold_copd_2026,Global Strategy for the Diagnosis Management and Prevention of Chronic Obstructive Pulmonary Disease,Global Initiative for Chronic Obstructive Lung Disease,2026,2026 report,clinical_guideline,pulmonology,chronic obstructive pulmonary disease,Global,https://goldcopd.org/2026-gold-report-and-pocket-guide/,2026-10-02,TRUE,GOLD_2026_Global_Strategy_COPD.pdf,06_OTHER_VERIFIED_GUIDELINES/GOLD,registered,Category: Respiratory / COPD; official GOLD 2026 full strategy report
aha_acc_hypertension_2025,2025 Guideline for the Prevention Detection Evaluation and Management of High Blood Pressure in Adults,American Heart Association / American College of Cardiology,2025,2025 guideline,clinical_guideline,cardiology,hypertension,United States,https://professional.heart.org/en/science-news/2025-high-blood-pressure-guideline,2026-10-02,TRUE,AHA_ACC_2025_High_Blood_Pressure_Guideline.pdf,06_OTHER_VERIFIED_GUIDELINES/AHA,registered,Category: Cardiology / Hypertension; current 2025 AHA/ACC multisociety guideline replacing the 2017 ACC/AHA high blood pressure guideline
kdigo_diabetes_ckd_2022,KDIGO 2022 Clinical Practice Guideline for Diabetes Management in Chronic Kidney Disease,Kidney Disease: Improving Global Outcomes,2022,2022 guideline,clinical_guideline,nephrology,diabetes and chronic kidney disease,Global,https://kdigo.org/guidelines/diabetes-ckd/,2026-10-02,TRUE,KDIGO_2022_Diabetes_Management_in_CKD_Guideline.pdf,06_OTHER_VERIFIED_GUIDELINES/KDIGO,registered,Category: Nephrology / Diabetes and CKD; current published KDIGO diabetes guideline; 2026 update is still under development
kdigo_lupus_nephritis_2024,KDIGO 2024 Clinical Practice Guideline for the Management of Lupus Nephritis,Kidney Disease: Improving Global Outcomes,2024,2024 guideline,clinical_guideline,nephrology,lupus nephritis,Global,https://kdigo.org/guidelines/lupus-nephritis/,2026-10-02,TRUE,KDIGO_2024_Lupus_Nephritis_Guideline.pdf,06_OTHER_VERIFIED_GUIDELINES/KDIGO,registered,Category: Nephrology / Lupus Nephritis; focused update of the lupus nephritis chapter of the KDIGO glomerular diseases guideline
kdigo_igan_igav_2025,KDIGO 2025 Clinical Practice Guideline for the Management of IgA Nephropathy and IgA Vasculitis,Kidney Disease: Improving Global Outcomes,2025,2025 guideline,clinical_guideline,nephrology,IgA nephropathy and IgA vasculitis,Global,https://kdigo.org/guidelines/iga-nephropathy/,2026-10-02,TRUE,KDIGO_2025_IgA_Nephropathy_IgA_Vasculitis_Guideline.pdf,06_OTHER_VERIFIED_GUIDELINES/KDIGO,registered,Category: Nephrology / IgA Nephropathy and IgA Vasculitis; current KDIGO guideline published September 2025; updates the IgAN chapter of the 2021 glomerular diseases guideline
kdigo_adpkd_2025,KDIGO 2025 Clinical Practice Guideline for the Evaluation Management and Treatment of Autosomal Dominant Polycystic Kidney Disease,Kidney Disease: Improving Global Outcomes,2025,2025 guideline,clinical_guideline,nephrology,autosomal dominant polycystic kidney disease,Global,https://kdigo.org/guidelines/autosomal-dominant-polycystic-kidney-disease-adpkd/,2026-10-02,TRUE,KDIGO_2025_ADPKD_Guideline.pdf,06_OTHER_VERIFIED_GUIDELINES/KDIGO,registered,Category: Nephrology / ADPKD; current KDIGO guideline published in 2025
kdigo_anemia_ckd_2026,KDIGO 2026 Clinical Practice Guideline for Anemia in Chronic Kidney Disease,Kidney Disease: Improving Global Outcomes,2026,2026 guideline,clinical_guideline,nephrology,anemia in chronic kidney disease,Global,https://kdigo.org/guidelines/anemia-in-ckd/,2026-10-02,TRUE,KDIGO_2026_Anemia_in_CKD_Guideline.pdf,06_OTHER_VERIFIED_GUIDELINES/KDIGO,registered,Category: Nephrology / Anemia in CKD; current KDIGO anemia guideline
kdigo_bp_ckd_2021,KDIGO 2021 Clinical Practice Guideline for the Management of Blood Pressure in Chronic Kidney Disease,Kidney Disease: Improving Global Outcomes,2021,2021 guideline,clinical_guideline,nephrology,blood pressure management in chronic kidney disease,Global,https://kdigo.org/guidelines/blood-pressure-in-ckd/,2026-10-02,TRUE,KDIGO_2021_Blood_Pressure_in_CKD_Guideline.pdf,06_OTHER_VERIFIED_GUIDELINES/KDIGO,registered,Category: Nephrology / Blood Pressure in CKD; current KDIGO blood pressure guideline
kdigo_glomerular_diseases_2021,KDIGO 2021 Clinical Practice Guideline for the Management of Glomerular Diseases,Kidney Disease: Improving Global Outcomes,2021,2021 guideline,clinical_guideline,nephrology,glomerular diseases,Global,https://kdigo.org/guidelines/gd/,2026-10-02,TRUE,KDIGO_2021_Glomerular_Diseases_Guideline.pdf,06_OTHER_VERIFIED_GUIDELINES/KDIGO,registered,Category: Nephrology / Glomerular Diseases; retain for diseases not superseded by newer focused KDIGO updates; 2024 Lupus Nephritis and 2025 IgA Nephropathy/IgA Vasculitis guidance should take precedence for those topics
kdigo_ckd_mbd_2017,KDIGO 2017 Clinical Practice Guideline Update for the Diagnosis Evaluation Prevention and Treatment of Chronic Kidney Disease-Mineral and Bone Disorder,Kidney Disease: Improving Global Outcomes,2017,2017 guideline update,clinical_guideline,nephrology,CKD mineral and bone disorder,Global,https://kdigo.org/guidelines/ckd-mbd/,2026-10-02,TRUE,KDIGO_2017_CKD_Mineral_Bone_Disorder_Guideline.pdf,06_OTHER_VERIFIED_GUIDELINES/KDIGO,registered,Category: Nephrology / CKD-Mineral and Bone Disorder; current KDIGO CKD-MBD update listed in the guideline suite
iap_stg_05_neonatal_sepsis,Standard Treatment Guidelines 05 - Neonatal Sepsis,Indian Academy of Pediatrics,,IAP Standard Treatment Guideline,clinical_guideline,paediatrics / neonatology,neonatal sepsis,India,https://iapindia.org/standard-treatment-guidelines/,2026-10-02,TRUE,IAP_STG_05_Neonatal_Sepsis.pdf,06_OTHER_VERIFIED_GUIDELINES/IAP,registered,Category: Pediatrics / Neonatology / Infectious Disease
iap_stg_06_uti_children,Standard Treatment Guidelines 06 - Urinary Tract Infection in Children,Indian Academy of Pediatrics,,IAP Standard Treatment Guideline,clinical_guideline,paediatrics / nephrology,urinary tract infection in children,India,https://iapindia.org/standard-treatment-guidelines/,2026-10-02,TRUE,IAP_STG_06_Urinary_Tract_Infection_in_Children.pdf,06_OTHER_VERIFIED_GUIDELINES/IAP,registered,Category: Pediatrics / Nephrology / Infectious Disease
iap_stg_11_cap,Standard Treatment Guidelines 11 - Community Acquired Pneumonia,Indian Academy of Pediatrics,,IAP Standard Treatment Guideline,clinical_guideline,paediatrics / pulmonology,community acquired pneumonia,India,https://iapindia.org/standard-treatment-guidelines/,2026-10-02,TRUE,IAP_STG_11_Community_Acquired_Pneumonia.pdf,06_OTHER_VERIFIED_GUIDELINES/IAP,registered,Category: Pediatrics / Respiratory / Infectious Disease
iap_stg_20_acute_watery_diarrhea,Standard Treatment Guidelines 20 - Acute Watery Diarrhea,Indian Academy of Pediatrics,,IAP Standard Treatment Guideline,clinical_guideline,paediatrics / gastroenterology,acute watery diarrhea,India,https://iapindia.org/standard-treatment-guidelines/,2026-10-02,TRUE,IAP_STG_20_Acute_Watery_Diarrhea.pdf,06_OTHER_VERIFIED_GUIDELINES/IAP,registered,Category: Pediatrics / Gastroenterology / Infectious Disease
iap_stg_27_bronchiolitis,Standard Treatment Guidelines 27 - Bronchiolitis,Indian Academy of Pediatrics,,IAP Standard Treatment Guideline,clinical_guideline,paediatrics / pulmonology,bronchiolitis,India,https://iapindia.org/standard-treatment-guidelines/,2026-10-02,TRUE,IAP_STG_27_Bronchiolitis.pdf,06_OTHER_VERIFIED_GUIDELINES/IAP,registered,Category: Pediatrics / Respiratory
iap_stg_35_bronchial_asthma,Standard Treatment Guidelines 35 - Bronchial Asthma,Indian Academy of Pediatrics,,IAP Standard Treatment Guideline,clinical_guideline,paediatrics / pulmonology,bronchial asthma,India,https://iapindia.org/standard-treatment-guidelines/,2026-10-02,TRUE,IAP_STG_35_Bronchial_Asthma.pdf,06_OTHER_VERIFIED_GUIDELINES/IAP,registered,Category: Pediatrics / Respiratory / Asthma
iap_stg_40_status_epilepticus,Standard Treatment Guidelines 40 - Evaluation and Management of Status Epilepticus in Children,Indian Academy of Pediatrics,,IAP Standard Treatment Guideline,clinical_guideline,paediatrics / neurology,status epilepticus in children,India,https://iapindia.org/standard-treatment-guidelines/,2026-10-02,TRUE,IAP_STG_40_Status_Epilepticus.pdf,06_OTHER_VERIFIED_GUIDELINES/IAP,registered,Category: Pediatrics / Neurology / Emergency
iap_stg_56_bacterial_meningitis,Standard Treatment Guidelines 56 - Acute Bacterial Meningitis,Indian Academy of Pediatrics,,IAP Standard Treatment Guideline,clinical_guideline,paediatrics / infectious disease,acute bacterial meningitis,India,https://iapindia.org/standard-treatment-guidelines/,2026-10-02,TRUE,IAP_STG_56_Acute_Bacterial_Meningitis.pdf,06_OTHER_VERIFIED_GUIDELINES/IAP,registered,Category: Pediatrics / Infectious Disease / Neurology
iap_stg_59_iron_deficiency_anemia,Standard Treatment Guidelines 59 - Iron Deficiency Anemia,Indian Academy of Pediatrics,,IAP Standard Treatment Guideline,clinical_guideline,paediatrics / hematology,iron deficiency anemia,India,https://iapindia.org/standard-treatment-guidelines/,2026-10-02,TRUE,IAP_STG_59_Iron_Deficiency_Anemia.pdf,06_OTHER_VERIFIED_GUIDELINES/IAP,registered,Category: Pediatrics / Hematology
iap_stg_64_nephrotic_syndrome,Standard Treatment Guidelines 64 - Nephrotic Syndrome,Indian Academy of Pediatrics,,IAP Standard Treatment Guideline,clinical_guideline,paediatrics / nephrology,nephrotic syndrome,India,https://iapindia.org/standard-treatment-guidelines/,2026-10-02,TRUE,IAP_STG_64_Nephrotic_Syndrome.pdf,06_OTHER_VERIFIED_GUIDELINES/IAP,registered,Category: Pediatrics / Nephrology
iap_stg_71_aki_children,Standard Treatment Guidelines 71 - Acute Kidney Injury in Children,Indian Academy of Pediatrics,,IAP Standard Treatment Guideline,clinical_guideline,paediatrics / nephrology,acute kidney injury in children,India,https://iapindia.org/standard-treatment-guidelines/,2026-10-02,TRUE,IAP_STG_71_Acute_Kidney_Injury.pdf,06_OTHER_VERIFIED_GUIDELINES/IAP,registered,Category: Pediatrics / Nephrology
iap_stg_73_shock_office,Standard Treatment Guidelines 73 - Shock in Office Practice,Indian Academy of Pediatrics,,IAP Standard Treatment Guideline,clinical_guideline,paediatrics / emergency medicine,shock in office practice,India,https://iapindia.org/standard-treatment-guidelines/,2026-10-02,TRUE,IAP_STG_73_Shock_in_Office_Practice.pdf,06_OTHER_VERIFIED_GUIDELINES/IAP,registered,Category: Pediatrics / Emergency Medicine
iap_stg_84_rabies,Standard Treatment Guidelines 84 - Rabies Prophylaxis in Children,Indian Academy of Pediatrics,,IAP Standard Treatment Guideline,clinical_guideline,paediatrics / infectious disease,rabies prophylaxis in children,India,https://iapindia.org/standard-treatment-guidelines/,2026-10-02,TRUE,IAP_STG_84_Rabies_Prophylaxis.pdf,06_OTHER_VERIFIED_GUIDELINES/IAP,registered,Category: Pediatrics / Infectious Disease / Post-exposure Prophylaxis
iap_stg_95_malaria,Standard Treatment Guidelines 95 - Malaria,Indian Academy of Pediatrics,,IAP Standard Treatment Guideline,clinical_guideline,paediatrics / infectious disease,malaria,India,https://iapindia.org/standard-treatment-guidelines/,2026-10-02,TRUE,IAP_STG_95_Malaria.pdf,06_OTHER_VERIFIED_GUIDELINES/IAP,registered,Category: Pediatrics / Infectious Disease
iap_stg_102_snakebite,Standard Treatment Guidelines 102 - Snakebite,Indian Academy of Pediatrics,,IAP Standard Treatment Guideline,clinical_guideline,paediatrics / emergency medicine,snakebite,India,https://iapindia.org/standard-treatment-guidelines/,2026-10-02,TRUE,IAP_STG_102_Snakebite.pdf,06_OTHER_VERIFIED_GUIDELINES/IAP,registered,Category: Pediatrics / Emergency Medicine / Toxicology
iap_stg_109_poisoning_children,Standard Treatment Guidelines 109 - Poisoning in Children,Indian Academy of Pediatrics,,IAP Standard Treatment Guideline,clinical_guideline,paediatrics / toxicology,poisoning in children,India,https://iapindia.org/standard-treatment-guidelines/,2026-10-02,TRUE,IAP_STG_109_Poisoning_in_Children.pdf,06_OTHER_VERIFIED_GUIDELINES/IAP,registered,Category: Pediatrics / Emergency Medicine / Toxicology
iap_stg_136_sam,Standard Treatment Guidelines 136 - Severe Acute Malnutrition,Indian Academy of Pediatrics,,IAP Standard Treatment Guideline,clinical_guideline,paediatrics / nutrition,severe acute malnutrition,India,https://iapindia.org/standard-treatment-guidelines/,2026-10-02,TRUE,IAP_STG_136_Severe_Acute_Malnutrition.pdf,06_OTHER_VERIFIED_GUIDELINES/IAP,registered,Category: Pediatrics / Nutrition
iap_stg_138_dengue,Standard Treatment Guidelines 138 - Dengue in Children,Indian Academy of Pediatrics,,IAP Standard Treatment Guideline,clinical_guideline,paediatrics / infectious disease,dengue in children,India,https://iapindia.org/standard-treatment-guidelines/,2026-10-02,TRUE,IAP_STG_138_Dengue.pdf,06_OTHER_VERIFIED_GUIDELINES/IAP,registered,Category: Pediatrics / Infectious Disease
iap_stg_149_childhood_tb,Standard Treatment Guidelines 149 - Diagnosis and Management of Childhood Tuberculosis,Indian Academy of Pediatrics,,IAP Standard Treatment Guideline,clinical_guideline,paediatrics / infectious disease,childhood tuberculosis,India,https://iapindia.org/standard-treatment-guidelines/,2026-10-02,TRUE,IAP_STG_149_Childhood_Tuberculosis.pdf,06_OTHER_VERIFIED_GUIDELINES/IAP,registered,Category: Pediatrics / Infectious Disease / Tuberculosis
iap_stg_150_cough_office,Standard Treatment Guidelines 150 - Management of Cough in Office Practice,Indian Academy of Pediatrics,,IAP Standard Treatment Guideline,clinical_guideline,paediatrics / pulmonology,cough in office practice,India,https://iapindia.org/standard-treatment-guidelines/,2026-10-02,TRUE,IAP_STG_150_Management_of_Cough_in_Office_Practice.pdf,06_OTHER_VERIFIED_GUIDELINES/IAP,registered,Category: Pediatrics / Respiratory
esc_heart_failure_2026,2026 ESC Guidelines for the Management of Heart Failure,European Society of Cardiology,2026,2026 guideline,clinical_guideline,cardiology,heart failure,Europe / Global,https://www.escardio.org/guidelines/clinical-practice-guidelines/all-esc-practice-guidelines/heart-failure/,2026-10-02,TRUE,ESC_2026_Heart_Failure_Guideline.pdf,06_OTHER_VERIFIED_GUIDELINES/ESC,registered,Category: Cardiology / Heart Failure; current ESC heart-failure guideline published 28 August 2026
esc_cvd_ckd_2026,2026 ESC Guidelines for the Management of Cardiovascular Disease and Chronic Kidney Disease,European Society of Cardiology,2026,2026 guideline,clinical_guideline,cardiology / nephrology,cardiovascular disease and chronic kidney disease,Europe / Global,https://www.escardio.org/guidelines/clinical-practice-guidelines/all-esc-practice-guidelines/cvd-chronic-kidney-disease/,2026-10-02,TRUE,ESC_2026_Cardiovascular_Disease_and_CKD_Guideline.pdf,06_OTHER_VERIFIED_GUIDELINES/ESC,registered,Category: Cardiology / Cardiovascular Disease + CKD; first dedicated ESC guideline on CVD and CKD
esc_valvular_heart_disease_2025,2025 ESC/EACTS Guidelines for the Management of Valvular Heart Disease,European Society of Cardiology / European Association for Cardio-Thoracic Surgery,2025,2025 guideline,clinical_guideline,cardiology,valvular heart disease,Europe / Global,https://www.escardio.org/guidelines/clinical-practice-guidelines/all-esc-practice-guidelines/valvular-heart-disease/,2026-10-02,TRUE,ESC_2025_Valvular_Heart_Disease_Guideline.pdf,06_OTHER_VERIFIED_GUIDELINES/ESC,registered,Category: Cardiology / Valvular Heart Disease; current ESC/EACTS guideline updating the 2021 recommendations
esc_acs_2023,2023 ESC Guidelines for the Management of Acute Coronary Syndromes,European Society of Cardiology,2023,2023 guideline,clinical_guideline,cardiology,acute coronary syndromes,Europe / Global,https://www.escardio.org/guidelines/clinical-practice-guidelines/all-esc-practice-guidelines/acute-coronary-syndromes/,2026-10-02,TRUE,ESC_2023_Acute_Coronary_Syndromes_Guideline.pdf,06_OTHER_VERIFIED_GUIDELINES/ESC,registered,Category: Cardiology / Acute Coronary Syndromes; current ESC ACS guideline covering STEMI and NSTE-ACS in one document
esc_atrial_fibrillation_2024,2024 ESC Guidelines for the Management of Atrial Fibrillation,European Society of Cardiology / European Association for Cardio-Thoracic Surgery,2024,2024 guideline,clinical_guideline,cardiology,atrial fibrillation,Europe / Global,https://www.escardio.org/guidelines/clinical-practice-guidelines/all-esc-practice-guidelines/atrial-fibrillation,2026-10-02,TRUE,ESC_2024_Atrial_Fibrillation_Guideline.pdf,06_OTHER_VERIFIED_GUIDELINES/ESC,registered,Category: Cardiology / Atrial Fibrillation; current ESC guideline using the AF-CARE pathway
esc_chronic_coronary_syndromes_2024,2024 ESC Guidelines for the Management of Chronic Coronary Syndromes,European Society of Cardiology,2024,2024 guideline,clinical_guideline,cardiology,chronic coronary syndromes,Europe / Global,https://www.escardio.org/guidelines/clinical-practice-guidelines/all-esc-practice-guidelines/chronic-coronary-syndromes/,2026-10-02,TRUE,ESC_2024_Chronic_Coronary_Syndromes_Guideline.pdf,06_OTHER_VERIFIED_GUIDELINES/ESC,registered,Category: Cardiology / Chronic Coronary Syndromes; current ESC guideline for diagnosis initial treatment and long-term management of chronic coronary syndromes
esc_paad_2024,2024 ESC Guidelines for the Management of Peripheral Arterial and Aortic Diseases,European Society of Cardiology,2024,2024 guideline,clinical_guideline,cardiology / vascular medicine,peripheral arterial and aortic diseases,Europe / Global,https://www.escardio.org/guidelines/clinical-practice-guidelines/all-esc-practice-guidelines/peripheral-arterial-and-aortic-diseases/,2026-10-02,TRUE,ESC_2024_Peripheral_Arterial_Aortic_Diseases_Guideline.pdf,06_OTHER_VERIFIED_GUIDELINES/ESC,registered,Category: Cardiology / Peripheral Arterial and Aortic Diseases; merged ESC guidance for PAD and aortic disease
esc_hypertension_2024,2024 ESC Guidelines for the Management of Elevated Blood Pressure and Hypertension,European Society of Cardiology,2024,2024 guideline,clinical_guideline,cardiology,hypertension and elevated blood pressure,Europe / Global,https://www.escardio.org/guidelines/clinical-practice-guidelines/all-esc-practice-guidelines/elevated-blood-pressure-and-hypertension/,2026-10-02,TRUE,ESC_2024_Elevated_Blood_Pressure_Hypertension_Guideline.pdf,06_OTHER_VERIFIED_GUIDELINES/ESC,registered,Category: Cardiology / Elevated Blood Pressure and Hypertension; current ESC guideline updating the 2018 ESC/ESH hypertension guideline
esc_myocarditis_pericarditis_2025,2025 ESC Guidelines for the Management of Myocarditis and Pericarditis,European Society of Cardiology,2025,2025 guideline,clinical_guideline,cardiology,myocarditis and pericarditis,Europe / Global,https://www.escardio.org/guidelines/clinical-practice-guidelines/all-esc-practice-guidelines/myocarditis-and-pericarditis/,2026-10-02,TRUE,ESC_2025_Myocarditis_Pericarditis_Guideline.pdf,06_OTHER_VERIFIED_GUIDELINES/ESC,registered,Category: Cardiology / Myocarditis and Pericarditis; current ESC guideline covering both conditions in one document
esc_eas_dyslipidaemias_2025,2025 Focused Update of the 2019 ESC/EAS Guidelines for the Management of Dyslipidaemias,European Society of Cardiology / European Atherosclerosis Society,2025,2025 focused update,clinical_guideline,cardiology / lipidology,dyslipidaemias and cardiovascular risk,Europe / Global,https://www.escardio.org/Guidelines/Clinical-Practice-Guidelines/All-ESC-Practice-Guidelines/Dyslipidaemias,2026-10-02,TRUE,ESC_EAS_2025_Dyslipidaemias_Focused_Update.pdf,06_OTHER_VERIFIED_GUIDELINES/ESC,registered,Category: Cardiology / Dyslipidaemia; focused update incorporating evidence through 31 March 2025
esc_cvd_pregnancy_2025,2025 ESC Guidelines for the Management of Cardiovascular Disease and Pregnancy,European Society of Cardiology,2025,2025 guideline,clinical_guideline,cardiology / obstetrics,cardiovascular disease and pregnancy,Europe / Global,https://www.escardio.org/guidelines/clinical-practice-guidelines/all-esc-practice-guidelines/cardiovascular-diseases-during-pregnancy-management-of/,2026-10-02,TRUE,ESC_2025_Cardiovascular_Disease_and_Pregnancy_Guideline.pdf,06_OTHER_VERIFIED_GUIDELINES/ESC,registered,Category: Cardiology / Pregnancy; current ESC guideline covering cardiovascular care before during and after pregnancy
idsa_amr_gn_2026,IDSA 2026 Guidance on the Treatment of Antimicrobial Resistant Gram-Negative Infections,Infectious Diseases Society of America,2026,2026 guidance,clinical_guideline,infectious disease / antimicrobial resistance,antimicrobial resistant gram-negative infections,United States / Global,https://www.idsociety.org/practice-guideline/amr-guidance/,2026-10-02,TRUE,IDSA_2026_AMR_Gram_Negative_Infections_Guidance.pdf,06_OTHER_VERIFIED_GUIDELINES/IDSA,registered,Category: Infectious Disease / Antimicrobial Resistance; current IDSA guidance covering ESBL-E AmpC-E CRE difficult-to-treat resistant Pseudomonas carbapenem-resistant Acinetobacter and Stenotrophomonas maltophilia
idsa_ats_cap_adults_2019,Diagnosis and Treatment of Adults with Community-Acquired Pneumonia,Infectious Diseases Society of America / American Thoracic Society,2019,2019 guideline,clinical_guideline,infectious disease / pulmonology,community acquired pneumonia in adults,United States / Global,https://www.idsociety.org/practice-guideline/community-acquired-pneumonia-cap-in-adults/,2026-10-02,TRUE,IDSA_ATS_2019_Adult_Community_Acquired_Pneumonia_Guideline.pdf,06_OTHER_VERIFIED_GUIDELINES/IDSA,registered,Category: Infectious Disease / Respiratory Infection / Pneumonia; current ATS/IDSA adult CAP guideline
idsa_iwgdf_diabetic_foot_2023,IWGDF/IDSA Guidelines on the Diagnosis and Treatment of Diabetes-Related Foot Infections,International Working Group on the Diabetic Foot / Infectious Diseases Society of America,2023,2023 guideline,clinical_guideline,infectious disease / diabetology,diabetes-related foot infections,International / Global,https://www.idsociety.org/practice-guideline/diabetic-foot-infections/,2026-10-02,TRUE,IDSA_IWGDF_2023_Diabetes_Related_Foot_Infections_Guideline.pdf,06_OTHER_VERIFIED_GUIDELINES/IDSA,registered,Category: Infectious Disease / Diabetes-Related Foot Infection; current IWGDF/IDSA guidance covering diagnosis antimicrobial therapy osteomyelitis and surgical management
idsa_shea_cdiff_2021,SHEA/IDSA 2021 Clinical Practice Guideline Update for the Management of Clostridioides difficile Infection in Adults,Society for Healthcare Epidemiology of America / Infectious Diseases Society of America,2021,2021 focused update,clinical_guideline,infectious disease / gastroenterology,Clostridioides difficile infection,United States / Global,https://www.idsociety.org/practice-guideline/clostridioides-difficile-2021-focused-update/,2026-10-02,TRUE,IDSA_SHEA_2021_Clostridioides_Difficile_Focused_Update.pdf,06_OTHER_VERIFIED_GUIDELINES/IDSA,registered,Category: Infectious Disease / Clostridioides difficile Infection; current SHEA/IDSA focused treatment update
idsa_asm_microbiology_lab_2024,IDSA/ASM 2024 Guide to Utilization of the Microbiology Laboratory for Diagnosis of Infectious Diseases,Infectious Diseases Society of America / American Society for Microbiology,2024,2024 guide,diagnostic_guideline,infectious disease / microbiology,microbiology laboratory diagnosis of infectious diseases,United States / Global,https://www.idsociety.org/practice-guideline/laboratory-diagnosis-of-infectious-diseases/,2026-10-02,TRUE,IDSA_ASM_2024_Microbiology_Laboratory_Diagnosis_Guide.pdf,06_OTHER_VERIFIED_GUIDELINES/IDSA,registered,Category: Infectious Disease / Microbiology / Diagnostic Testing; current IDSA/ASM guide for appropriate laboratory testing and specimen use
idsa_ssti_2014,Practice Guidelines for the Diagnosis and Management of Skin and Soft Tissue Infections: 2014 Update,Infectious Diseases Society of America,2014,2014 update,clinical_guideline,infectious disease / dermatology / surgery,skin and soft tissue infections,United States / Global,https://www.idsociety.org/practice-guideline/skin-and-soft-tissue-infections/,2026-10-02,TRUE,IDSA_Skin_Soft_Tissue_Infections_Guideline.pdf,06_OTHER_VERIFIED_GUIDELINES/IDSA,registered,Category: Infectious Disease / Skin and Soft Tissue Infections; current IDSA guideline covering cellulitis abscesses necrotizing infection surgical site infection and infections in immunocompromised hosts
ssc_adult_sepsis_2026,Surviving Sepsis Campaign International Guidelines for Management of Sepsis and Septic Shock 2026,Society of Critical Care Medicine / European Society of Intensive Care Medicine,2026,2026 guideline,clinical_guideline,critical care / infectious disease,sepsis and septic shock in adults,Global,https://sccm.org/survivingsepsiscampaign/guidelines-and-resources/surviving-sepsis-campaign-adult-guidelines,2026-10-02,TRUE,SSC_2026_Adult_Sepsis_Guideline.pdf,06_OTHER_VERIFIED_GUIDELINES/IDSA,registered,Category: Critical Care / Adult Sepsis and Septic Shock; current Surviving Sepsis Campaign adult guideline updating the 2021 edition
ssc_pediatric_sepsis_2026,Surviving Sepsis Campaign International Guidelines for the Management of Sepsis and Septic Shock in Children 2026,Society of Critical Care Medicine / European Society of Intensive Care Medicine,2026,2026 guideline,clinical_guideline,paediatrics / critical care,pediatric sepsis and septic shock,Global,https://sccm.org/survivingsepsiscampaign/guidelines-and-resources/surviving-sepsis-campaign-pediatric-guidelines,2026-10-02,TRUE,SSC_2026_Pediatric_Sepsis_Septic_Shock_Guideline.pdf,06_OTHER_VERIFIED_GUIDELINES/IDSA,registered,Category: Pediatrics / Critical Care / Sepsis and Septic Shock; current Surviving Sepsis Campaign guideline for infants children and adolescents
idsa_gas_pharyngitis_2025,IDSA 2025 Clinical Practice Guideline Update on Group A Streptococcal Pharyngitis - Risk Assessment Using Clinical Scoring Systems in Children and Adults,Infectious Diseases Society of America,2025,2025 Part 1 update,clinical_guideline,infectious disease / paediatrics / primary care,group A streptococcal pharyngitis,United States / Global,https://www.idsociety.org/practice-guideline/streptococcal-pharyngitis2/,2026-10-02,TRUE,IDSA_2025_Group_A_Streptococcal_Pharyngitis_Guideline.pdf,06_OTHER_VERIFIED_GUIDELINES/IDSA,registered,Category: Infectious Disease / Pharyngitis; Part 1 of the current IDSA update; covers clinical scoring systems and decisions about who should be tested for GAS in children and adults
idsa_pids_pediatric_cap_2026,IDSA/PIDS 2026 Guidelines for the Management of Community-Acquired Pneumonia in Infants and Children Older Than 3 Months of Age,Infectious Diseases Society of America / Pediatric Infectious Diseases Society,2026,2026 guideline update,clinical_guideline,paediatrics / infectious disease / pulmonology,pediatric community-acquired pneumonia and parapneumonic effusion,United States / Global,https://www.idsociety.org/practice-guideline/community-acquired-pneumonia-in-infants-and-children/,2026-10-02,TRUE,IDSA_PIDS_2026_Pediatric_Community_Acquired_Pneumonia_Guideline.pdf,06_OTHER_VERIFIED_GUIDELINES/IDSA,registered,Category: Pediatrics / Infectious Disease / Pneumonia; current IDSA/PIDS 2026 update replacing the 2011 pediatric CAP guideline; current release focuses on pneumonia with parapneumonic effusion and empyema
nice_ng253_adult_sepsis_2025,Suspected sepsis in people aged 16 or over: recognition assessment and early management,National Institute for Health and Care Excellence,2025,NG253,clinical_guideline,emergency medicine / infectious disease,sepsis in adults,United Kingdom,https://www.nice.org.uk/guidance/ng253,2026-10-02,TRUE,NICE_NG253_2025_Adult_Suspected_Sepsis_Guideline.pdf,06_OTHER_VERIFIED_GUIDELINES/NICE,registered,Category: Emergency / Acute Care / Adult Sepsis; NICE NG253 published 19 November 2025; wording amended January 2026
nice_ng254_pediatric_sepsis_2025,Suspected sepsis in under 16s: recognition diagnosis and early management,National Institute for Health and Care Excellence,2025,NG254,clinical_guideline,paediatrics / emergency medicine / infectious disease,sepsis in children,United Kingdom,https://www.nice.org.uk/guidance/ng254,2026-10-02,TRUE,NICE_NG254_2025_Pediatric_Suspected_Sepsis_Guideline.pdf,06_OTHER_VERIFIED_GUIDELINES/NICE,registered,Category: Pediatrics / Emergency / Acute Care / Sepsis; current NICE guideline for people under 16 with suspected sepsis
nice_ng255_pregnancy_sepsis_2025,Suspected sepsis in pregnant or recently pregnant people: recognition diagnosis and early management,National Institute for Health and Care Excellence,2025,NG255,clinical_guideline,obstetrics / emergency medicine / infectious disease,sepsis in pregnancy and recently pregnant people,United Kingdom,https://www.nice.org.uk/guidance/ng255,2026-10-02,TRUE,NICE_NG255_2025_Pregnancy_Suspected_Sepsis_Guideline.pdf,06_OTHER_VERIFIED_GUIDELINES/NICE,registered,Category: Obstetrics / Sepsis in Pregnancy; current NICE guideline published 19 November 2025; covers recognition assessment early treatment escalation source control monitoring and support
nice_ng148_aki,Acute kidney injury: prevention detection and management,National Institute for Health and Care Excellence,,NG148,clinical_guideline,nephrology / acute care,acute kidney injury,United Kingdom,https://www.nice.org.uk/guidance/ng148,2026-10-02,TRUE,NICE_NG148_Acute_Kidney_Injury_Guideline.pdf,06_OTHER_VERIFIED_GUIDELINES/NICE,registered,Category: Nephrology / Acute Care / Acute Kidney Injury; NICE guidance covering adults children and young people; some recommendations have been under surveillance for update
nice_ng128_stroke_tia_2019,Stroke and transient ischaemic attack in over 16s: diagnosis and initial management,National Institute for Health and Care Excellence,2019,NG128,clinical_guideline,neurology / emergency medicine,stroke and transient ischaemic attack,United Kingdom,https://www.nice.org.uk/guidance/ng128,2026-10-02,TRUE,NICE_NG128_Stroke_TIA_Over16_Guideline.pdf,06_OTHER_VERIFIED_GUIDELINES/NICE,registered,Category: Neurology / Emergency / Stroke and TIA; NICE NG128 published 1 May 2019; recommendations include later amendments including thrombolysis wording changes in 2025
nice_ng217_epilepsies_2022,Epilepsies in children young people and adults,National Institute for Health and Care Excellence,2022,NG217,clinical_guideline,neurology / paediatrics,epilepsy and seizure disorders,United Kingdom,https://www.nice.org.uk/guidance/ng217,2026-10-02,TRUE,NICE_NG217_Epilepsies_Children_Young_People_Adults_Guideline.pdf,06_OTHER_VERIFIED_GUIDELINES/NICE,registered,Category: Neurology / Epilepsy; covers children young people and adults; current version includes January 2025 medicine-safety updates and later 2025 minor amendments
nice_ng28_type2_diabetes_2026,Type 2 diabetes in adults: management,National Institute for Health and Care Excellence,2015,NG28 updated February 2026,clinical_guideline,endocrinology,type 2 diabetes in adults,United Kingdom,https://www.nice.org.uk/guidance/ng28,2026-10-02,TRUE,NICE_NG28_Type_2_Diabetes_in_Adults_Guideline.pdf,06_OTHER_VERIFIED_GUIDELINES/NICE,registered,Category: Endocrinology / Type 2 Diabetes; originally published 2 December 2015 and last updated 18 February 2026 with major medication pathway revisions
nice_ng18_pediatric_diabetes,Diabetes (type 1 and type 2) in children and young people: diagnosis and management,National Institute for Health and Care Excellence,2015,NG18 updated through 2026,clinical_guideline,paediatrics / endocrinology,type 1 and type 2 diabetes in children and young people,United Kingdom,https://www.nice.org.uk/guidance/ng18,2026-10-02,TRUE,NICE_NG18_Diabetes_Children_Young_People_Guideline.pdf,06_OTHER_VERIFIED_GUIDELINES/NICE,registered,Category: Pediatrics / Endocrinology / Diabetes; major treatment update May 2023 with additional safety and DKA-related amendments through 2026
nice_ng245_asthma,Asthma: diagnosis monitoring and chronic asthma management (BTS NICE SIGN),British Thoracic Society / National Institute for Health and Care Excellence / Scottish Intercollegiate Guidelines Network,2024,NG245,clinical_guideline,pulmonology / paediatrics,asthma diagnosis monitoring and chronic management,United Kingdom,https://www.nice.org.uk/guidance/ng245,2026-10-02,TRUE,NICE_NG245_Asthma_Diagnosis_Monitoring_Management_Guideline.pdf,06_OTHER_VERIFIED_GUIDELINES/NICE,registered,Category: Respiratory / Asthma; current joint BTS/NICE/SIGN guideline covering adults young people and children; replaces NICE NG80 and parts of SIGN 158
nice_ng115_copd_2018,Chronic obstructive pulmonary disease in over 16s: diagnosis and management,National Institute for Health and Care Excellence,2018,NG115,clinical_guideline,pulmonology,chronic obstructive pulmonary disease,United Kingdom,https://www.nice.org.uk/guidance/ng115,2026-10-02,TRUE,NICE_NG115_COPD_Over16_Diagnosis_Management_Guideline.pdf,06_OTHER_VERIFIED_GUIDELINES/NICE,registered,Category: Respiratory / COPD; current NICE COPD guideline for people aged 16 and over; includes later recommendation updates and should be read with NICE antimicrobial guidance for acute COPD exacerbations
nice_ng106_chronic_heart_failure_2025,Chronic heart failure in adults: diagnosis and management,National Institute for Health and Care Excellence,2018,NG106 updated September 2025,clinical_guideline,cardiology,chronic heart failure in adults,United Kingdom,https://www.nice.org.uk/guidance/ng106,2026-10-02,TRUE,NICE_NG106_Chronic_Heart_Failure_Adults_Guideline.pdf,06_OTHER_VERIFIED_GUIDELINES/NICE,registered,Category: Cardiology / Chronic Heart Failure; NICE NG106 originally published 2018 and substantially updated September 2025 for treatment and monitoring of HFrEF HFmrEF HFpEF and iron deficiency
nice_ng196_atrial_fibrillation_2021,Atrial fibrillation: diagnosis and management,National Institute for Health and Care Excellence,2021,NG196,clinical_guideline,cardiology,atrial fibrillation,United Kingdom,https://www.nice.org.uk/guidance/ng196,2026-10-02,TRUE,NICE_NG196_Atrial_Fibrillation_Guideline.pdf,06_OTHER_VERIFIED_GUIDELINES/NICE,registered,Category: Cardiology / Atrial Fibrillation; current NICE guideline covering diagnosis stroke and bleeding risk assessment anticoagulation rate and rhythm control and follow-up
nice_ng185_acute_coronary_syndromes_2020,Acute coronary syndromes,National Institute for Health and Care Excellence,2020,NG185,clinical_guideline,cardiology,acute coronary syndromes,United Kingdom,https://www.nice.org.uk/guidance/ng185,2026-10-02,TRUE,NICE_NG185_Acute_Coronary_Syndromes_Guideline.pdf,06_OTHER_VERIFIED_GUIDELINES/NICE,registered,Category: Cardiology / Acute Coronary Syndromes; current NICE guideline covering assessment early management reperfusion antiplatelet and anticoagulant therapy secondary prevention and follow-up
ntep_dr_tb_2025,National Guidelines for Management of Drug-Resistant Tuberculosis,National Tuberculosis Elimination Programme / Central TB Division / Ministry of Health and Family Welfare,2025,2025 national guideline,clinical_guideline,infectious disease / tuberculosis,drug-resistant tuberculosis,India,https://tbcindia.mohfw.gov.in/wp-content/uploads/2025/03/National-Guidelines-for-Management-of-DR-TB_27-3-2025.pdf,2026-10-02,TRUE,NTEP_2025_National_Guidelines_Management_Drug_Resistant_TB.pdf,06_OTHER_VERIFIED_GUIDELINES/NTEP,registered,Category: Tuberculosis / Drug-Resistant TB; current NTEP national guidance for DR-TB management
ntep_differentiated_tb_care_2025,National Guidance on Differentiated TB Care,National Tuberculosis Elimination Programme / Central TB Division / Ministry of Health and Family Welfare,2025,March 2025,clinical_guideline,infectious disease / tuberculosis,differentiated tuberculosis care,India,https://tbcindia.mohfw.gov.in/wp-content/uploads/2025/07/National-Guidance-on-Differential-TB-Care_Final_March-2025-3.pdf,2026-10-02,TRUE,NTEP_2025_National_Guidance_Differentiated_TB_Care.pdf,06_OTHER_VERIFIED_GUIDELINES/NTEP,registered,Category: Tuberculosis / Differentiated Care; national NTEP guidance for identifying and managing patients needing differentiated TB care
ntep_tb_preventive_treatment_2021,Guidelines for Programmatic Management of Tuberculosis Preventive Treatment in India,National Tuberculosis Elimination Programme / Central TB Division / Ministry of Health and Family Welfare,2021,July 2021,clinical_guideline,infectious disease / tuberculosis,tuberculosis preventive treatment,India,https://tbcindia.mohfw.gov.in/wp-content/uploads/2023/05/Guidelines-for-Programmatic-Management-of-Tuberculosis-Preventive-Treatment-in-India.pdf,2026-10-02,TRUE,NTEP_2021_Programmatic_Management_TB_Preventive_Treatment_India.pdf,06_OTHER_VERIFIED_GUIDELINES/NTEP,registered,Category: Tuberculosis / Prevention / TB Infection; national TPT guidance covering contacts children PLHIV and other high-risk groups
ntep_extrapulmonary_tb_stw,Training Module on Extrapulmonary Tuberculosis Standard Treatment Workflow,National Tuberculosis Elimination Programme / Central TB Division / Ministry of Health and Family Welfare,,NTEP training module,clinical_guideline,infectious disease / tuberculosis,extrapulmonary tuberculosis,India,https://tbcindia.mohfw.gov.in/guidelines/,2026-10-02,TRUE,NTEP_Extrapulmonary_TB_Standard_Treatment_Workflow.pdf,06_OTHER_VERIFIED_GUIDELINES/NTEP,needs_ocr,Category: Tuberculosis / Extrapulmonary TB; official NTEP standard-treatment-workflow training module; publication year to be verified from PDF before ingestion; OCR required before RAG ingestion
ntep_tb_hiv_framework,National Framework for TB-HIV Collaboration,National Tuberculosis Elimination Programme / National AIDS Control Programme / Ministry of Health and Family Welfare,,national framework,clinical_programme_guideline,infectious disease / tuberculosis / HIV,TB-HIV collaborative care,India,https://tbcindia.mohfw.gov.in/guidelines-on-tb-hiv/,2026-10-02,TRUE,NTEP_National_Framework_TB_HIV_Collaboration.pdf,06_OTHER_VERIFIED_GUIDELINES/NTEP,registered,Category: Tuberculosis / TB-HIV Coinfection; national framework for collaborative TB-HIV activities; publication year/version to be verified from PDF before ingestion
ntep_paediatric_tb_2022,Paediatric TB Management Guideline,National Tuberculosis Elimination Programme / Central TB Division / Ministry of Health and Family Welfare,2022,2022 guideline,clinical_guideline,paediatrics / infectious disease / tuberculosis,paediatric tuberculosis,India,https://tbcindia.mohfw.gov.in/guidelines-on-pediatric-tb/,2026-10-02,TRUE,NTEP_2022_Paediatric_TB_Management_Guideline.pdf,06_OTHER_VERIFIED_GUIDELINES/NTEP,registered,Category: Pediatrics / Tuberculosis; official NTEP paediatric TB management guideline developed with IAP and WHO India technical participation
ntep_tb_diabetes_framework,National Framework for Joint TB-Diabetes Collaborative Activities,National Tuberculosis Elimination Programme / Central TB Division / Ministry of Health and Family Welfare,,national framework,clinical_programme_guideline,infectious disease / endocrinology,tuberculosis and diabetes collaborative care,India,https://tbcindia.mohfw.gov.in/national-framework-for-joint-tb-diabetes/,2026-10-02,TRUE,NTEP_National_Framework_TB_Diabetes_Collaborative_Activities.pdf,06_OTHER_VERIFIED_GUIDELINES/NTEP,needs_ocr,Category: Tuberculosis / TB-Diabetes; official national collaborative framework; publication year/version to be verified from PDF before ingestion; OCR required before RAG ingestion
ntep_tb_plhiv_art_centres,Guidelines on Prevention and Management of Tuberculosis in PLHIV at ART Centres,National Tuberculosis Elimination Programme / National AIDS Control Programme / Ministry of Health and Family Welfare,,national guideline,clinical_guideline,infectious disease / HIV / tuberculosis,tuberculosis in people living with HIV at ART centres,India,https://tbcindia.mohfw.gov.in/guidelines/,2026-10-02,TRUE,NTEP_Guidelines_TB_in_PLHIV_ART_Centres.pdf,06_OTHER_VERIFIED_GUIDELINES/NTEP,registered,Category: Tuberculosis / HIV / PLHIV; national guidance for TB prevention diagnosis and management in people living with HIV attending ART centres
ntep_tpt_1hp_addendum,Technical and Operational Guidance on 1HP TPT Regimen - Addendum to National PMTPT Guidelines,National Tuberculosis Elimination Programme / Central TB Division / Ministry of Health and Family Welfare,,1HP addendum,clinical_guideline,infectious disease / tuberculosis,tuberculosis preventive treatment 1HP regimen,India,https://tbcindia.mohfw.gov.in/pmtpt/,2026-10-02,TRUE,NTEP_TPT_1HP_Regimen_Technical_Operational_Guidance.pdf,06_OTHER_VERIFIED_GUIDELINES/NTEP,registered,Category: Tuberculosis / Prevention / 1HP TPT; official technical and operational addendum to national PMTPT guidance
ntep_tpt_3rh_addendum,Technical and Operational Guidance on 3RH TPT Regimen - Addendum to National PMTPT Guidelines,National Tuberculosis Elimination Programme / Central TB Division / Ministry of Health and Family Welfare,,3RH addendum,clinical_guideline,infectious disease / tuberculosis,tuberculosis preventive treatment 3RH regimen,India,https://tbcindia.mohfw.gov.in/pmtpt/,2026-10-02,TRUE,NTEP_TPT_3RH_Regimen_Technical_Operational_Guidance.pdf,06_OTHER_VERIFIED_GUIDELINES/NTEP,registered,Category: Tuberculosis / Prevention / 3RH TPT; official technical and operational addendum to national PMTPT guidance
ntep_tb_children_adolescents_framework_2021,Collaborative Framework to Address the Burden of Tuberculosis among Children and Adolescents,National Tuberculosis Elimination Programme / Rashtriya Bal Swasthya Karyakram / Rashtriya Kishor Swasthya Karyakram / Ministry of Health and Family Welfare,2021,2021 collaborative framework,clinical_programme_guideline,paediatrics / adolescent health / tuberculosis,tuberculosis in children and adolescents,India,https://tbcindia.mohfw.gov.in/wp-content/uploads/2023/05/NTEP-RBSK-and-RKSK-Collaborative-Framework-20-07-2021.pdf,2026-10-02,TRUE,NTEP_2021_Collaborative_Framework_TB_Children_Adolescents.pdf,06_OTHER_VERIFIED_GUIDELINES/NTEP,registered,Category: Pediatrics / Adolescent Health / Tuberculosis; collaborative NTEP-RBSK-RKSK framework for TB prevention diagnosis referral treatment and follow-up
ntep_tb_pregnancy_framework,Collaborative Framework for Management of Tuberculosis in Pregnant Women,National Tuberculosis Elimination Programme / Central TB Division / Ministry of Health and Family Welfare,,national collaborative framework,clinical_programme_guideline,obstetrics / infectious disease / tuberculosis,tuberculosis in pregnancy,India,https://tbcindia.mohfw.gov.in/priority-population/,2026-10-02,TRUE,NTEP_Collaborative_Framework_TB_in_Pregnant_Women.pdf,06_OTHER_VERIFIED_GUIDELINES/NTEP,registered,Category: Obstetrics / Tuberculosis in Pregnancy; official NTEP framework for TB screening diagnosis treatment and coordination in pregnant women; publication year to be verified from PDF
ntep_community_engagement_tb,Guidance Document on Community Engagement under National Tuberculosis Elimination Programme,National Tuberculosis Elimination Programme / Central TB Division / Ministry of Health and Family Welfare,,NTEP guidance document,public_health_guideline,public health / tuberculosis,community engagement for tuberculosis elimination,India,https://tbcindia.mohfw.gov.in/guidelines/,2026-10-02,TRUE,NTEP_Guidance_Community_Engagement.pdf,06_OTHER_VERIFIED_GUIDELINES/NTEP,needs_ocr,Category: Tuberculosis / Community Engagement; official NTEP guidance for community participation and programme implementation; OCR required before RAG ingestion
ntep_family_caregiver_tb,Guidance Document on Engagement of Family Caregiver for TB Patients,National Tuberculosis Elimination Programme / Central TB Division / Ministry of Health and Family Welfare,,NTEP guidance document,clinical_programme_guideline,infectious disease / tuberculosis / community care,family caregiver engagement for tuberculosis patients,India,https://tbcindia.mohfw.gov.in/guidelines/,2026-10-02,TRUE,NTEP_Guidance_Family_Caregiver_for_TB_Patients.pdf,06_OTHER_VERIFIED_GUIDELINES/NTEP,registered,Category: Tuberculosis / Family and Adherence Support; official guidance on engaging family caregivers in TB treatment support
ntep_tb_tobacco_framework,National Framework for Joint TB-Tobacco Collaborative Activities,National Tuberculosis Elimination Programme / National Tobacco Control Programme / Ministry of Health and Family Welfare,,national collaborative framework,clinical_programme_guideline,infectious disease / respiratory medicine / tobacco control,tuberculosis and tobacco collaborative care,India,https://tbcindia.mohfw.gov.in/national-frame-work-for-joint-tb-tobacco/,2026-10-02,TRUE,NTEP_National_Framework_TB_Tobacco_Collaborative_Activities.pdf,06_OTHER_VERIFIED_GUIDELINES/NTEP,needs_ocr,Category: Tuberculosis / Tobacco Comorbidity; national framework for integrated TB-tobacco screening counselling and programme coordination; OCR required before RAG ingestion
nhm_rbsk_2_0_2026,RBSK 2.0 Operational Guidelines,National Health Mission / Ministry of Health and Family Welfare,2026,2026 operational guideline,public_health_guideline,paediatrics / child health,Rashtriya Bal Swasthya Karyakram child health screening and early intervention,India,https://nhm.gov.in/index4.php?lang=1&level=0&lid=775&linkid=535,2026-10-03,TRUE,NHM_2026_RBSK_2_0_Operational_Guidelines.pdf,06_OTHER_VERIFIED_GUIDELINES/NHM,registered,Category: Pediatrics / Child Health / RBSK; current NHM 2026 operational guidance for child health screening early detection referral and intervention
nhm_diabetes_children_2026,Guidance Document on Diabetes Mellitus in Children,National Health Mission / Ministry of Health and Family Welfare,2026,2026 guidance document,clinical_guideline,paediatrics / endocrinology,diabetes mellitus in children,India,https://nhm.gov.in/index4.php?lang=1&level=0&lid=775&linkid=535,2026-10-03,TRUE,NHM_2026_Diabetes_Mellitus_in_Children_Guidance.pdf,06_OTHER_VERIFIED_GUIDELINES/NHM,registered,Category: Pediatrics / Endocrinology / Diabetes; current NHM 2026 guidance for diabetes mellitus in children
nhm_cemonc_part1_2024,Revised Comprehensive Emergency Obstetric and Newborn Care Curriculum 2024 - Part 1,National Health Mission / Ministry of Health and Family Welfare,2024,2024 revised curriculum,clinical_training_guideline,obstetrics / newborn care,comprehensive emergency obstetric and newborn care,India,https://www.nhm.gov.in/index1.php?lang=1&level=3&lid=377&sublinkid=839,2026-10-03,TRUE,NHM_2024_CEmONC_Curriculum_Part_1.pdf,06_OTHER_VERIFIED_GUIDELINES/NHM,needs_ocr,Category: Maternal and Newborn Health / Emergency Obstetric Care; official NHM CEmONC Part 1; 230-page image-only scanned PDF; OCR required before RAG ingestion
nhm_cemonc_part2_2024,Revised Comprehensive Emergency Obstetric and Newborn Care Curriculum 2024 - Part 2,National Health Mission / Ministry of Health and Family Welfare,2024,2024 revised curriculum,clinical_training_guideline,obstetrics / newborn care,comprehensive emergency obstetric and newborn care,India,https://www.nhm.gov.in/index1.php?lang=1&level=3&lid=377&sublinkid=839,2026-10-03,TRUE,NHM_2024_CEmONC_Curriculum_Part_2.pdf,06_OTHER_VERIFIED_GUIDELINES/NHM,needs_ocr,Category: Maternal and Newborn Health / Emergency Obstetric Care; revised NHM CEmONC curriculum Part 2; OCR required before RAG ingestion
nhm_postnatal_care_guidance,Guidance Note on Optimizing Postnatal Care,National Health Mission / Ministry of Health and Family Welfare,,NHM guidance note,clinical_guideline,obstetrics / postnatal care,postnatal care,India,https://www.nhm.gov.in/index1.php?lang=1&level=3&lid=377&sublinkid=839,2026-10-03,TRUE,NHM_Guidance_Optimizing_Postnatal_Care.pdf,06_OTHER_VERIFIED_GUIDELINES/NHM,registered,Category: Maternal Health / Postnatal Care; official NHM guidance note; publication year to be verified from PDF before ingestion
nhm_ssbsk_2026,Samagra Shishu Bal Swasthya Karyakram (SSBSK) Operational Guidelines,National Health Mission / Ministry of Health and Family Welfare,2026,2026 operational guidelines,public_health_guideline,paediatrics / child health,integrated child health screening prevention referral and care,India,https://www.nhm.gov.in/index4.php?lang=1&level=0&lid=825&linkid=521,2026-10-03,TRUE,NHM_2026_SSBSK_Operational_Guidelines.pdf,06_OTHER_VERIFIED_GUIDELINES/NHM,registered,Category: Pediatrics / Child Health / SSBSK; official NHM 2026 operational guideline
nhm_fbnc_2025,Facility Based Newborn Care Operational Guidelines,National Health Mission / Ministry of Health and Family Welfare,2025,2025 operational guidelines,clinical_operational_guideline,neonatology / newborn care,facility based newborn care,India,https://nhm.gov.in/index1.php?lang=1&level=1&lid=766&sublinkid=1409,2026-10-03,TRUE,NHM_2025_FBNC_Operational_Guidelines.pdf,06_OTHER_VERIFIED_GUIDELINES/NHM,registered,Category: Neonatology / Facility-Based Newborn Care; official NHM 2025 revised FBNC guidance
nhm_amb_2026,Anemia MuktBharat Abhiyaan Operational Guidelines,National Health Mission / Ministry of Health and Family Welfare,2026,2026 operational guidelines,public_health_guideline,nutrition / haematology / maternal and child health,anaemia prevention screening supplementation and programme implementation,India,https://nhm.gov.in/index1.php/nhm_live/index1.php?lang=1&level=4&lid=804&sublinkid=1455,2026-10-03,TRUE,NHM_2026_Anemia_Mukt_Bharat_Operational_Guidelines.pdf,06_OTHER_VERIFIED_GUIDELINES/NHM,registered,Category: Nutrition / Hematology / Anemia Mukt Bharat; official NHM 2026 operational guideline
nhm_hbyc_2018,Home Based Care for Young Child Operational Guidelines,National Health Mission / Ministry of Health and Family Welfare,2018,2018 operational guidelines,public_health_guideline,paediatrics / community child health,home based care for young children,India,https://nhm.gov.in/index1.php?lang=1&level=1&lid=769&sublinkid=1416,2026-10-03,TRUE,NHM_2018_HBYC_Operational_Guidelines.pdf,06_OTHER_VERIFIED_GUIDELINES/NHM,registered,Category: Pediatrics / Community Child Health / HBYC; ASHA-delivered home based care including nutrition health child development and WASH
nhm_hbnc_2014,Revised Home Based Newborn Care Operational Guidelines,National Health Mission / Ministry of Health and Family Welfare,2014,Revised 2014 operational guidelines,public_health_guideline,neonatology / community newborn care,home based newborn care,India,https://www.nhm.gov.in/index4.php?lang=1&level=0&lid=825&linkid=521,2026-10-03,TRUE,NHM_2014_Revised_HBNC_Operational_Guidelines.pdf,06_OTHER_VERIFIED_GUIDELINES/NHM,needs_ocr,Category: Neonatology / Community Newborn Care / HBNC; revised NHM 2014 guidance for structured newborn home visits by ASHAs; OCR required before RAG ingestion
nhm_lsas_2024,Life Saving Anaesthesia Skills Revised Curriculum 2024,National Health Mission / Ministry of Health and Family Welfare,2024,2024 revised curriculum,clinical_training_guideline,anaesthesiology / obstetrics,life saving anaesthesia skills for emergency obstetric care,India,https://www.nhm.gov.in/index1.php?lang=1&level=3&lid=377&sublinkid=839,2026-10-03,TRUE,NHM_2024_Life_Saving_Anaesthesia_Skills_Revised_Curriculum.pdf,06_OTHER_VERIFIED_GUIDELINES/NHM,registered,Category: Maternal Health / Anaesthesia / Emergency Obstetric Care; official NHM revised 2024 curriculum
nhm_midwifery_units,Guidelines on Operationalization of Midwifery Units,National Health Mission / Ministry of Health and Family Welfare,,official guideline,clinical_operational_guideline,obstetrics / midwifery,operationalization of midwifery led care units,India,https://www.nhm.gov.in/images/pdf/programmes/maternal-health/guidelines/Operationalization-of-Midwifery-Units.pdf,2026-10-03,TRUE,NHM_Guidelines_Operationalization_of_Midwifery_Units.pdf,06_OTHER_VERIFIED_GUIDELINES/NHM,registered,Category: Maternal Health / Midwifery; official MoHFW NHM guidance on operationalization of midwifery units; publication year to be verified from PDF metadata/title page
nhm_cac_2023,Comprehensive Abortion Care Training and Service Delivery Guidelines,National Health Mission / Ministry of Health and Family Welfare,2023,2023 training and service guidelines,clinical_guideline,obstetrics / reproductive health,comprehensive abortion care,India,https://www.nhm.gov.in/index1.php?lang=1&level=3&lid=377&sublinkid=839,2026-10-03,TRUE,NHM_2023_CAC_Training_and_Service_Guidelines.pdf,06_OTHER_VERIFIED_GUIDELINES/NHM,registered,Category: Reproductive Health / Comprehensive Abortion Care; official NHM 2023 training and service delivery guidance
nhm_extended_pmsma_hrp,Guidance Note for Extended PMSMA for Tracking High Risk Pregnancies,National Health Mission / Ministry of Health and Family Welfare,,official guidance note,clinical_operational_guideline,obstetrics / antenatal care,tracking and management of high risk pregnancies under extended PMSMA,India,https://www.nhm.gov.in/New_Update-2022-23/MH/GUIDELINES-%20MH/Guidance_Note-Extended_PMSMA_for_tracking_HRPs.pdf,2026-10-03,TRUE,NHM_Extended_PMSMA_High_Risk_Pregnancy_Guidance.pdf,06_OTHER_VERIFIED_GUIDELINES/NHM,registered,Category: Maternal Health / High-Risk Pregnancy / Antenatal Care; official NHM guidance for identification tracking counselling referral and follow-up of high risk pregnancies; publication year to be verified from PDF
nhm_gdm_national_guideline,National Guidelines for Diagnosis and Management of Gestational Diabetes Mellitus,National Health Mission / Ministry of Health and Family Welfare,,national guideline,clinical_guideline,obstetrics / endocrinology,diagnosis and management of gestational diabetes mellitus,India,https://nhm.gov.in/images/pdf/programmes/maternal-health/guidelines/National_Guidelines_for_Diagnosis_%26_Management_of_Gestational_Diabetes_Mellitus.pdf,2026-10-03,TRUE,NHM_National_Guidelines_Gestational_Diabetes_Mellitus.pdf,06_OTHER_VERIFIED_GUIDELINES/NHM,registered,Category: Obstetrics / Gestational Diabetes; official national NHM guidance for GDM screening diagnosis treatment referral and follow-up; publication year to be verified from PDF
ncvbdc_dengue_2023,National Guidelines for Clinical Management of Dengue Fever,National Center for Vector Borne Diseases Control / Ministry of Health and Family Welfare,2023,2023 national guideline,clinical_guideline,infectious disease / tropical medicine,dengue fever clinical management,India,https://ncvbdc.mohfw.gov.in/Doc/National%20Guidelines%20for%20Clinical%20Management%20of%20Dengue%20Fever%202023.pdf,2026-10-03,TRUE,NCVBDC_2023_National_Guidelines_Clinical_Management_Dengue_Fever.pdf,06_OTHER_VERIFIED_GUIDELINES/NCDC_NCVBDC,registered,Category: Infectious Disease / Dengue; official NCVBDC 2023 national clinical-management guideline
ncvbdc_chikungunya_2023,National Guidelines for Clinical Management of Chikungunya Fever,National Center for Vector Borne Diseases Control / Ministry of Health and Family Welfare,2023,2023 national guideline,clinical_guideline,infectious disease / tropical medicine,chikungunya fever clinical management,India,https://ncvbdc.mohfw.gov.in/Doc/National-Guidelines-for-Clinical-Management-of-Chikungunya-Fever-2023.pdf,2026-10-03,TRUE,NCVBDC_2023_National_Guidelines_Clinical_Management_Chikungunya_Fever.pdf,06_OTHER_VERIFIED_GUIDELINES/NCDC_NCVBDC,registered,Category: Infectious Disease / Chikungunya; official NCVBDC 2023 clinical-management guideline
ncdc_rabies_prophylaxis_2019,National Guidelines for Rabies Prophylaxis,National Centre for Disease Control / Ministry of Health and Family Welfare,2019,2019 national guideline,clinical_guideline,infectious disease / zoonoses,rabies prophylaxis and post-exposure management,India,https://ncdc.mohfw.gov.in/wp-content/uploads/2024/04/National-Guidelines-for-Rabies-Prophylaxis.pdf,2026-10-03,TRUE,NCDC_2019_National_Guidelines_Rabies_Prophylaxis.pdf,06_OTHER_VERIFIED_GUIDELINES/NCDC_NCVBDC,needs_ocr,Category: Infectious Disease / Rabies / Zoonoses; national guidance for rabies prophylaxis including exposure assessment vaccination and immunoglobulin use; OCR required before RAG ingestion
ncdc_leptospirosis_guideline,National Guidelines on Diagnosis Case Management and Prevention and Control of Leptospirosis,National Centre for Disease Control / Ministry of Health and Family Welfare,,national guideline,clinical_guideline,infectious disease / zoonoses,leptospirosis diagnosis case management prevention and control,India,https://www.ncdc.mohfw.gov.in/includes/About/CentresAndDivision/leptospirosis.php,2026-10-03,TRUE,NCDC_National_Guidelines_Leptospirosis.pdf,06_OTHER_VERIFIED_GUIDELINES/NCDC_NCVBDC,registered,Category: Infectious Disease / Leptospirosis / Zoonoses; official NCDC national guideline; publication year to be verified from PDF; NCDC states revision is currently under progress
ncdc_snakebite_stg,Standard Treatment Guidelines for Clinical Management of Snake Bite,National Centre for Disease Control / Ministry of Health and Family Welfare,,standard treatment guideline,clinical_guideline,emergency medicine / toxicology,snakebite clinical management,India,https://ncdc.mohfw.gov.in/uploads/pdf/Standard-Treatment-Guidelines-for-Management-of-Snake-Bite.pdf,2026-10-03,TRUE,NCDC_Standard_Treatment_Guidelines_Clinical_Management_Snake_Bite.pdf,06_OTHER_VERIFIED_GUIDELINES/NCDC_NCVBDC,registered,Category: Emergency Medicine / Toxicology / Snakebite; official NCDC standard treatment guideline; publication year to be verified from PDF
ncvbdc_malaria_nsp_2023_2027,National Strategic Plan for Malaria Elimination in India 2023-2027,National Center for Vector Borne Diseases Control / Ministry of Health and Family Welfare,2023,2023-2027 strategic plan,public_health_guideline,infectious disease / tropical medicine,malaria elimination surveillance diagnosis treatment vector control and programme strategy,India,https://ncvbdc.mohfw.gov.in/Doc/National-Strategic-Plan-Malaria-2023-27.pdf,2026-10-03,TRUE,NCVBDC_2023_2027_National_Strategic_Plan_Malaria.pdf,06_OTHER_VERIFIED_GUIDELINES/NCDC_NCVBDC,registered,Category: Infectious Disease / Malaria; official NCVBDC national strategic plan for malaria elimination in India 2023-2027
ncvbdc_filariasis_2024,Guidelines for Elimination of Lymphatic Filariasis,National Center for Vector Borne Diseases Control / Ministry of Health and Family Welfare,2024,2024 guideline,public_health_guideline,infectious disease / tropical medicine / parasitology,lymphatic filariasis elimination mass drug administration morbidity management surveillance and programme implementation,India,https://ncvbdc.mohfw.gov.in/Doc/Guidelines/Fil/ELF-Guideline-2024.pdf,2026-10-03,TRUE,NCVBDC_2024_Elimination_Lymphatic_Filariasis_Guidelines.pdf,06_OTHER_VERIFIED_GUIDELINES/NCDC_NCVBDC,registered,Category: Infectious Disease / Lymphatic Filariasis; official NCVBDC 2024 elimination guideline
ncvbdc_kala_azar_2015,Operational Guidelines on Kala-Azar Visceral Leishmaniasis Elimination in India,National Center for Vector Borne Diseases Control / Ministry of Health and Family Welfare,2015,2015 operational guideline,public_health_guideline,infectious disease / tropical medicine,kala-azar visceral leishmaniasis diagnosis treatment surveillance and elimination programme operations,India,https://ncvbdc.mohfw.gov.in/Doc/opertional-guideline-KA-2015.pdf,2026-10-03,TRUE,NCVBDC_2015_Operational_Guidelines_Kala_Azar_Elimination.pdf,06_OTHER_VERIFIED_GUIDELINES/NCDC_NCVBDC,registered,Category: Infectious Disease / Kala-azar / Visceral Leishmaniasis; official operational guideline; retain with recency metadata because NCVBDC also publishes newer kala-azar programme material
ncvbdc_kala_azar_vector_control,Guidelines on Vector Control in Kala-Azar Elimination,National Center for Vector Borne Diseases Control / Ministry of Health and Family Welfare,,official vector-control guideline,public_health_guideline,infectious disease / vector control,kala-azar vector control indoor residual spraying and elimination programme operations,India,https://ncvbdc.mohfw.gov.in/WriteReadData/l892s/Guidelines-Vector-Control-KA-Elimination-FINAL.pdf,2026-10-03,TRUE,NCVBDC_Guidelines_Vector_Control_Kala_Azar_Elimination.pdf,06_OTHER_VERIFIED_GUIDELINES/NCDC_NCVBDC,registered,Category: Infectious Disease / Kala-azar / Vector Control; official NCVBDC vector-control guidance; publication year to be verified from PDF
ncvbdc_aes_je_surveillance_2006,Guidelines for Surveillance of Acute Encephalitis Syndrome with Special Reference to Japanese Encephalitis,National Center for Vector Borne Diseases Control / Ministry of Health and Family Welfare,2006,November 2006 guideline,public_health_guideline,infectious disease / neurology / surveillance,acute encephalitis syndrome and Japanese encephalitis surveillance case definitions laboratory confirmation and outbreak monitoring,India,https://ncvbdc.mohfw.gov.in/WriteReadData/l892s/AES_guidelines.pdf,2026-10-03,TRUE,NCVBDC_2006_AES_JE_Surveillance_Guidelines.pdf,06_OTHER_VERIFIED_GUIDELINES/NCDC_NCVBDC,registered,Category: Infectious Disease / AES-JE / Surveillance; older official surveillance guideline retained for reference; newer disease-specific guidance should supersede it when available
mohfw_stg_major_trauma,Standard Treatment Guidelines - Major Trauma,Ministry of Health and Family Welfare / Clinical Establishments,,standard treatment guideline,clinical_guideline,emergency medicine / trauma,major trauma assessment resuscitation shock airway chest trauma head injury spinal injury fractures and pain management,India,https://clinicalestablishments.mohfw.gov.in/sites/default/files/standard-treatment-guidelines/9451.pdf,2026-10-03,TRUE,MoHFW_STG_Major_Trauma.pdf,06_OTHER_VERIFIED_GUIDELINES/MOHFW_STG,registered,Category: Emergency Medicine / Trauma; official MoHFW Clinical Establishments standard treatment guideline; publication year to be verified from PDF
mohfw_stg_hypertension,Standard Treatment Guidelines - Hypertension,Ministry of Health and Family Welfare / Clinical Establishments,,standard treatment guideline,clinical_guideline,cardiology / internal medicine,hypertension diagnosis risk assessment lifestyle management and pharmacologic treatment,India,https://clinicalestablishments.mohfw.gov.in/sites/default/files/standard-treatment-guidelines/5191.pdf,2026-10-03,TRUE,MoHFW_STG_Hypertension.pdf,06_OTHER_VERIFIED_GUIDELINES/MOHFW_STG,registered,Category: Cardiology / Hypertension; official MoHFW Clinical Establishments STG; publication year to be verified from PDF
mohfw_stg_diabetic_foot_2016,The Diabetic Foot - Prevention and Management in India,Ministry of Health and Family Welfare / Clinical Establishments,2016,January 2016 draft background document,clinical_guideline,endocrinology / surgery / wound care,diabetic foot prevention assessment infection wound care osteomyelitis Charcot foot revascularization and surgery,India,https://clinicalestablishments.mohfw.gov.in/sites/default/files/standard-treatment-guidelines/5381.pdf,2026-10-03,TRUE,MoHFW_2016_STG_Diabetic_Foot.pdf,06_OTHER_VERIFIED_GUIDELINES/MOHFW_STG,registered,Category: Diabetes / Diabetic Foot; official MoHFW-hosted document; PDF identifies itself as a draft so retain draft status in metadata
mohfw_burn_injuries_guideline,Prevention and Management of Burn Injuries,Ministry of Health and Family Welfare / National Programme for Prevention and Management of Burn Injuries,,programme clinical guideline,clinical_guideline,emergency medicine / burns / surgery,burn first aid severity assessment resuscitation wound care infection prevention nutrition and rehabilitation,India,https://clinicalestablishments.mohfw.gov.in/sites/default/files/standard-treatment-guidelines/520.pdf,2026-10-03,TRUE,MoHFW_NPPMBI_Prevention_Management_Burn_Injuries.pdf,06_OTHER_VERIFIED_GUIDELINES/MOHFW_STG,registered,Category: Emergency Medicine / Burns; official MoHFW-hosted burn management guidance; publication year to be verified from PDF
mohfw_viral_hepatitis_2018,National Guidelines for Diagnosis and Management of Viral Hepatitis,Ministry of Health and Family Welfare,2018,2018 national guideline,clinical_guideline,gastroenterology / hepatology / infectious disease,viral hepatitis diagnosis management and special clinical situations,India,https://clinicalestablishments.mohfw.gov.in/sites/default/files/standard-treatment-guidelines/3591.pdf,2026-10-03,TRUE,MoHFW_2018_National_Guidelines_Viral_Hepatitis.pdf,06_OTHER_VERIFIED_GUIDELINES/MOHFW_STG,registered,Category: Gastroenterology / Hepatology / Infectious Disease / Viral Hepatitis; national Indian guideline for diagnosis and management of viral hepatitis
mohfw_nmhp_common_mental_disorders,Management of Common Mental Disorders,Ministry of Health and Family Welfare / National Mental Health Programme,,national programme treatment guideline,clinical_guideline,psychiatry / mental health,common mental disorders psychosis depression anxiety somatoform disorders psychiatric emergencies substance use and mental health in special populations,India,https://clinicalestablishments.mohfw.gov.in/sites/default/files/standard-treatment-guidelines/606.pdf,2026-10-03,TRUE,MoHFW_NMHP_Management_Common_Mental_Disorders.pdf,06_OTHER_VERIFIED_GUIDELINES/MOHFW_STG,registered,Category: Mental Health / Psychiatry; official MoHFW National Mental Health Programme treatment guidance; includes common psychiatric disorders emergencies substance use and psychiatric problems in older people; publication year to be verified from PDF
mohfw_stg_alcohol_dependence,Standard Treatment Guidelines - Alcohol Dependence,Ministry of Health and Family Welfare / Clinical Establishments,,standard treatment guideline,clinical_guideline,psychiatry / addiction medicine,alcohol dependence assessment withdrawal management pharmacotherapy psychosocial treatment and relapse prevention,India,https://clinicalestablishments.mohfw.gov.in/en/standard-treatment-guidelines,2026-10-03,TRUE,MoHFW_STG_Alcohol_Dependence.pdf,06_OTHER_VERIFIED_GUIDELINES/MOHFW_STG,registered,Category: Psychiatry / Addiction Medicine / Alcohol Dependence; official MoHFW Clinical Establishments full standard treatment guideline; publication year to be verified from PDF
mohfw_nphce_operational_guidelines,Operational Guidelines - National Programme for Health Care of the Elderly (NPHCE),Directorate General of Health Services / Ministry of Health and Family Welfare,,operational guidelines,public_health_guideline,geriatrics / public health,health promotion preventive curative rehabilitative and institutional services for older people,India,https://www.mohfw.gov.in/sites/default/files/8324324521Operational_Guidelines_NPHCE_final.pdf,2026-10-03,TRUE,MoHFW_NPHCE_Operational_Guidelines.pdf,05_GERIATRIC,registered,Category: Geriatrics / Elderly Care / NPHCE; official Government of India operational guideline for geriatric services across primary secondary and tertiary levels
mohfw_np_ncd_2023_2030,National Programme for Prevention and Control of Non-Communicable Diseases Operational Guidelines 2023-2030,Ministry of Health and Family Welfare / National Health Mission,2023,2023-2030 operational guidelines,public_health_guideline,non-communicable diseases / internal medicine,prevention screening diagnosis treatment referral and programme management for major non-communicable diseases,India,https://www.mohfw.gov.in/sites/default/files/NP-NCD%20Operational%20Guidelines_0.pdf,2026-10-03,TRUE,MoHFW_NP_NCD_Operational_Guidelines.pdf,06_OTHER_VERIFIED_GUIDELINES/MOHFW_STG,registered,Category: Non-Communicable Diseases / NP-NCD; official MoHFW operational guidelines for 2023-2030 covering programme delivery and care pathways for hypertension diabetes cancers COPD asthma CKD NAFLD and related NCDs
mohfw_npcdcs_medical_officer_manual_2008_2009,National Programme for Prevention and Control of Cancer Diabetes Cardiovascular Disease and Stroke - A Manual for Medical Officer,Ministry of Health and Family Welfare / Government of India / WHO,2008,Government of India-WHO Collaborative Programme 2008-2009,clinical_programme_manual,internal medicine / non-communicable diseases,cancer diabetes cardiovascular disease and stroke prevention screening diagnosis treatment and referral,India,https://clinicalestablishments.mohfw.gov.in/sites/default/files/standard-treatment-guidelines/58.pdf,2026-10-03,FALSE,MoHFW_NPCDCS_Manual_for_Medical_Officer.pdf,06_OTHER_VERIFIED_GUIDELINES/MOHFW_STG,registered,Category: Non-Communicable Diseases / NPCDCS / Medical Officer Manual; older Government of India-WHO manual retained for reference; superseded for current programme guidance by NP-NCD 2023-2030
nhm_iphs_sdh_dh_2022,Indian Public Health Standards 2022 - Sub-District Hospital and District Hospital,National Health Mission / Ministry of Health and Family Welfare,2022,IPHS Revised Guidelines 2022,health_system_standard,public health / hospital services,standards for services infrastructure human resources drugs diagnostics equipment quality and governance at sub-district and district hospitals,India,https://www.nhm.gov.in/images/pdf/guidelines/iphs/iphs-revised-guidlines-2022/01-SDH_DH_IPHS_Guidelines-2022.pdf,2026-10-03,TRUE,NHM_2022_IPHS_Sub_District_District_Hospital_Guidelines.pdf,06_OTHER_VERIFIED_GUIDELINES/IPHS,registered,Category: Health Systems / IPHS / District and Sub-District Hospitals; revised 2022 national standards for public-sector hospital service delivery
nhm_iphs_shc_hwc_uhwc_2022,Indian Public Health Standards 2022 - Health and Wellness Centre Sub Health Centre and Urban Health and Wellness Centre,National Health Mission / Ministry of Health and Family Welfare,2022,IPHS Revised Guidelines 2022 Volume IV,health_system_standard,primary care / public health,comprehensive primary health care service standards for HWC-SHC and urban health and wellness centres,India,https://nhm.gov.in/images/pdf/guidelines/iphs/iphs-revised-guidlines-2022/04-SHC_HWC_UHWC_IPHS_Guidelines-2022.pdf,2026-10-03,TRUE,NHM_2022_IPHS_SHC_HWC_UHWC_Guidelines.pdf,06_OTHER_VERIFIED_GUIDELINES/IPHS,registered,Category: Primary Care / Health Systems / IPHS; revised 2022 standards for comprehensive primary health care at rural HWC-SHC and urban HWC facilities
mohfw_stg_critical_care,Guidelines for the Management of Critical Care,Ministry of Health and Family Welfare / Clinical Establishments,,standard treatment guideline,clinical_guideline,critical care / emergency medicine,critical care assessment stabilization organ support monitoring and management,India,https://clinicalestablishments.mohfw.gov.in/sites/default/files/standard-treatment-guidelines/5821.pdf,2026-10-03,TRUE,MoHFW_STG_Critical_Care.pdf,06_OTHER_VERIFIED_GUIDELINES/MOHFW_STG,registered,Category: Critical Care / Emergency Medicine; official MoHFW Clinical Establishments guideline; publication year to be verified from PDF
mohfw_stg_gastroenterology,Guidelines for the Management of Gastroenterological Diseases,Ministry of Health and Family Welfare / Clinical Establishments,,standard treatment guideline,clinical_guideline,gastroenterology,gastrointestinal diseases diagnosis evaluation and management,India,https://clinicalestablishments.mohfw.gov.in/sites/default/files/standard-treatment-guidelines/9721.pdf,2026-10-03,TRUE,MoHFW_STG_Gastroenterological_Diseases.pdf,06_OTHER_VERIFIED_GUIDELINES/MOHFW_STG,registered,Category: Gastroenterology; official MoHFW Clinical Establishments specialty guideline; publication year to be verified from PDF
mohfw_stg_ent,Standard Treatment Guidelines - Otorhinolaryngology,Ministry of Health and Family Welfare / Clinical Establishments,,standard treatment guideline,clinical_guideline,otorhinolaryngology / ENT,common ear nose throat disorders diagnosis and treatment,India,https://clinicalestablishments.mohfw.gov.in/sites/default/files/standard-treatment-guidelines/4251.pdf,2026-10-03,TRUE,MoHFW_STG_ENT_Otorhinolaryngology.pdf,06_OTHER_VERIFIED_GUIDELINES/MOHFW_STG,registered,Category: ENT / Otorhinolaryngology; official MoHFW Clinical Establishments specialty STG; publication year to be verified from PDF
mohfw_stg_dry_eye,Standard Treatment Guidelines for Management of Dry Eye Disease in India,Ministry of Health and Family Welfare / Clinical Establishments,,standard treatment guideline,clinical_guideline,ophthalmology,dry eye disease diagnosis classification and management,India,https://clinicalestablishments.mohfw.gov.in/sites/default/files/standard-treatment-guidelines/6411.pdf,2026-10-03,TRUE,MoHFW_STG_Dry_Eye_Disease.pdf,06_OTHER_VERIFIED_GUIDELINES/MOHFW_STG,registered,Category: Ophthalmology / Dry Eye Disease; official MoHFW-hosted Indian treatment guideline; publication year to be verified from PDF
mohfw_npcbvi_eye_surgery_precautions,Pre-operative Operative and Post-operative Precautions for Eye Surgery,Ministry of Health and Family Welfare / National Programme for Control of Blindness and Visual Impairment,,programme guideline,clinical_guideline,ophthalmology / eye surgery,perioperative precautions and safety for ophthalmic surgery,India,https://clinicalestablishments.mohfw.gov.in/en/standard-treatment-guidelines,2026-10-03,TRUE,MoHFW_NPCBVI_Eye_Surgery_Precautions.pdf,06_OTHER_VERIFIED_GUIDELINES/MOHFW_STG,registered,Category: Ophthalmology / Eye Surgery / NPCBVI; official MoHFW programme guidance covering pre-operative operative and post-operative precautions; publication year to be verified from PDF
mohfw_stg_orthopaedics,Standard Treatment Guidelines for Orthopaedics,Ministry of Health and Family Welfare / Clinical Establishments,,standard treatment guideline,clinical_guideline,orthopaedics / musculoskeletal medicine,bone and joint infections fractures spinal injuries osteoarthritis osteoporosis inflammatory arthritis metabolic bone disease and related orthopaedic conditions,India,https://clinicalestablishments.mohfw.gov.in/sites/default/files/standard-treatment-guidelines/8611.pdf,2026-10-03,TRUE,MoHFW_STG_Orthopaedics.pdf,06_OTHER_VERIFIED_GUIDELINES/MOHFW_STG,registered,Category: Orthopaedics / Musculoskeletal Medicine; official MoHFW Clinical Establishments specialty STG; publication year to be verified from PDF
mohfw_stg_urology,Standard Treatment Guidelines - Urology,Ministry of Health and Family Welfare / Clinical Establishments,,standard treatment guideline,clinical_guideline,urology,urological disorders diagnosis investigation treatment referral and procedural management,India,https://clinicalestablishments.mohfw.gov.in/sites/default/files/standard-treatment-guidelines/9471.pdf,2026-10-03,TRUE,MoHFW_STG_Urology.pdf,06_OTHER_VERIFIED_GUIDELINES/MOHFW_STG,registered,Category: Urology; official MoHFW Clinical Establishments specialty STG; publication year to be verified from PDF
mohfw_stg_laboratory_medicine,Standard Treatment Guidelines - Laboratory Medicine,Ministry of Health and Family Welfare / Clinical Establishments,,standard treatment guideline,clinical_guideline,laboratory medicine / diagnostics,laboratory investigations specimen handling diagnostic testing interpretation and quality-related laboratory practice,India,https://clinicalestablishments.mohfw.gov.in/sites/default/files/standard-treatment-guidelines/6491.pdf,2026-10-03,TRUE,MoHFW_STG_Laboratory_Medicine.pdf,06_OTHER_VERIFIED_GUIDELINES/MOHFW_STG,registered,Category: Laboratory Medicine / Diagnostics; official MoHFW Clinical Establishments specialty STG; publication year to be verified from PDF
mohfw_stg_respiratory_medicine,Standard Treatment Guidelines - Medicine (Respiratory Diseases),Ministry of Health and Family Welfare / Clinical Establishments,,standard treatment guideline,clinical_guideline,respiratory medicine / pulmonology,respiratory diseases including asthma COPD pneumonia respiratory failure pleural disease interstitial lung disease and related pulmonary conditions,India,https://clinicalestablishments.mohfw.gov.in/sites/default/files/standard-treatment-guidelines/3261.pdf,2026-10-03,TRUE,MoHFW_STG_Medicine_Respiratory_Diseases.pdf,06_OTHER_VERIFIED_GUIDELINES/MOHFW_STG,registered,Category: Respiratory Medicine / Pulmonology; official MoHFW Clinical Establishments specialty STG; publication year to be verified from PDF
mohfw_stg_non_respiratory_medicine,Standard Treatment Guidelines - Medicine (Non-Respiratory Medical Conditions),Ministry of Health and Family Welfare / Clinical Establishments,,standard treatment guideline,clinical_guideline,internal medicine / general medicine,non-respiratory medical conditions diagnosis treatment stabilization and referral,India,https://clinicalestablishments.mohfw.gov.in/sites/default/files/standard-treatment-guidelines/8721.pdf,2026-10-03,TRUE,MoHFW_STG_Medicine_Non_Respiratory_Conditions.pdf,06_OTHER_VERIFIED_GUIDELINES/MOHFW_STG,registered,Category: Internal Medicine / General Medicine; official MoHFW Clinical Establishments specialty STG; publication year to be verified from PDF
mohfw_stg_general_surgery,Standard Treatment Guidelines - General Surgery,Ministry of Health and Family Welfare / Clinical Establishments,,standard treatment guideline,clinical_guideline,general surgery,surgical assessment perioperative care common surgical disorders and operative management,India,https://clinicalestablishments.mohfw.gov.in/sites/default/files/standard-treatment-guidelines/6191.pdf,2026-10-03,TRUE,MoHFW_STG_General_Surgery.pdf,06_OTHER_VERIFIED_GUIDELINES/MOHFW_STG,registered,Category: General Surgery; official MoHFW Clinical Establishments specialty STG; publication year to be verified from PDF
mohfw_stg_neurology,Standard Treatment Guidelines - Neurology,Ministry of Health and Family Welfare / Clinical Establishments,,standard treatment guideline,clinical_guideline,neurology,neurological disorders diagnosis emergency management treatment and referral,India,https://clinicalestablishments.mohfw.gov.in/sites/default/files/standard-treatment-guidelines/1621.pdf,2026-10-03,TRUE,MoHFW_STG_Neurology.pdf,06_OTHER_VERIFIED_GUIDELINES/MOHFW_STG,registered,Category: Neurology; official MoHFW Clinical Establishments specialty STG; publication year to be verified from PDF
mohfw_stg_endocrinology,Standard Treatment Guidelines - Endocrinology,Ministry of Health and Family Welfare / Clinical Establishments,,standard treatment guideline,clinical_guideline,endocrinology,endocrine disorders diagnosis evaluation treatment and referral,India,https://clinicalestablishments.mohfw.gov.in/sites/default/files/standard-treatment-guidelines/3601.pdf,2026-10-03,TRUE,MoHFW_STG_Endocrinology.pdf,06_OTHER_VERIFIED_GUIDELINES/MOHFW_STG,registered,Category: Endocrinology; official MoHFW Clinical Establishments specialty STG; publication year to be verified from PDF
mohfw_stg_pediatrics_pediatric_surgery,Standard Treatment Guidelines - Pediatrics & Pediatric Surgery,Ministry of Health and Family Welfare / Clinical Establishments,,standard treatment guideline,clinical_guideline,paediatrics / pediatric surgery,pediatric medical and surgical conditions diagnosis treatment stabilization and referral,India,https://clinicalestablishments.mohfw.gov.in/sites/default/files/standard-treatment-guidelines/891.pdf,2026-10-03,TRUE,MoHFW_STG_Pediatrics_and_Pediatric_Surgery.pdf,06_OTHER_VERIFIED_GUIDELINES/MOHFW_STG,registered,Category: Pediatrics / Pediatric Surgery; official MoHFW Clinical Establishments specialty STG; publication year to be verified from PDF
mohfw_stg_obstetrics_gynaecology,Standard Treatment Guidelines - Obstetrics and Gynaecology,Ministry of Health and Family Welfare / Clinical Establishments,,standard treatment guideline,clinical_guideline,obstetrics / gynaecology,obstetric and gynaecological conditions diagnosis management emergency care and referral,India,https://clinicalestablishments.mohfw.gov.in/sites/default/files/standard-treatment-guidelines/4571.pdf,2026-10-03,TRUE,MoHFW_STG_Obstetrics_and_Gynaecology.pdf,06_OTHER_VERIFIED_GUIDELINES/MOHFW_STG,registered,Category: Obstetrics & Gynaecology; official MoHFW Clinical Establishments specialty STG; publication year to be verified from PDF
mohfw_stg_ophthalmology,Standard Treatment Guidelines - Ophthalmology,Ministry of Health and Family Welfare / Clinical Establishments,,standard treatment guideline,clinical_guideline,ophthalmology,ophthalmic diseases diagnosis management procedures and referral,India,https://clinicalestablishments.mohfw.gov.in/sites/default/files/standard-treatment-guidelines/6251.pdf,2026-10-03,TRUE,MoHFW_STG_Ophthalmology.pdf,06_OTHER_VERIFIED_GUIDELINES/MOHFW_STG,registered,Category: Ophthalmology; broad official MoHFW specialty STG complementing the existing dry-eye and eye-surgery guidance; publication year to be verified from PDF
mohfw_stg_oncology,Standard Treatment Guidelines - Oncology,Ministry of Health and Family Welfare / Clinical Establishments,,standard treatment guideline,clinical_guideline,oncology,cancer evaluation staging treatment supportive care and referral across selected adult and pediatric malignancies,India,https://clinicalestablishments.mohfw.gov.in/sites/default/files/standard-treatment-guidelines/2611.pdf,2026-10-03,TRUE,MoHFW_STG_Oncology.pdf,06_OTHER_VERIFIED_GUIDELINES/MOHFW_STG,registered,Category: Oncology; official MoHFW Clinical Establishments oncology STG; retain alongside newer disease-specific ICMR cancer consensus guidelines with recency and specificity weighting
mohfw_stg_interventional_radiology,Standard Treatment Guidelines - Interventional Radiology,Ministry of Health and Family Welfare / Clinical Establishments,,standard treatment guideline,clinical_guideline,interventional radiology,image-guided interventional procedures indications preparation management and related care,India,https://clinicalestablishments.mohfw.gov.in/sites/default/files/standard-treatment-guidelines/2281.pdf,2026-10-03,TRUE,MoHFW_STG_Interventional_Radiology.pdf,06_OTHER_VERIFIED_GUIDELINES/MOHFW_STG,registered,Category: Interventional Radiology; official MoHFW Clinical Establishments specialty STG; publication year to be verified from PDF
mohfw_nppcd_common_ear_conditions,Diagnostic Algorithm and Standard Treatment Guidelines for Management of Common Ear Conditions,Ministry of Health and Family Welfare / National Programme for Prevention and Control of Deafness,,standard treatment guideline,clinical_guideline,ENT / audiology / hearing loss,common ear conditions associated with preventable hearing impairment including ear wax otitis externa otomycosis otitis media and referral criteria,India,https://clinicalestablishments.mohfw.gov.in/sites/default/files/standard-treatment-guidelines/290.pdf,2026-10-03,TRUE,MoHFW_NPPCD_Management_Common_Ear_Conditions.pdf,06_OTHER_VERIFIED_GUIDELINES/MOHFW_STG,registered,Category: ENT / Audiology / Deafness; official MoHFW guideline for diagnosis and management of common ear conditions and prevention of avoidable hearing loss
mohfw_oral_health_caries_periodontitis,Dental Caries and Periodontitis,Ministry of Health and Family Welfare / Oral Health Programme,,programme clinical guideline,clinical_guideline,dentistry / oral health,dental caries periodontitis prevention diagnosis treatment and oral health care,India,https://clinicalestablishments.mohfw.gov.in/en/standard-treatment-guidelines,2026-10-03,TRUE,MoHFW_Oral_Health_Dental_Caries_Periodontitis.pdf,06_OTHER_VERIFIED_GUIDELINES/MOHFW_STG,needs_ocr,Category: Dentistry / Oral Health / Dental Caries and Periodontitis; official MoHFW Oral Health Programme guidance; publication year to be verified from PDF; OCR required before RAG ingestion
mohfw_nlep_medical_officer_manual,National Leprosy Eradication Programme Training Manual for Medical Officer,Directorate General of Health Services / Ministry of Health and Family Welfare / National Leprosy Eradication Programme,,training manual,clinical_programme_manual,dermatology / infectious disease / leprosy,leprosy epidemiology diagnosis classification treatment reactions relapse disability ulcer care supervision and monitoring,India,https://clinicalestablishments.mohfw.gov.in/sites/default/files/standard-treatment-guidelines/50.pdf,2026-10-03,TRUE,MoHFW_NLEP_Training_Manual_Medical_Officer.pdf,06_OTHER_VERIFIED_GUIDELINES/MOHFW_STG,registered,Category: Leprosy / Dermatology / Infectious Disease; official NLEP medical officer training manual covering diagnosis classification MDT reactions relapse disability and ulcer care
mohfw_nlep_dpmr,National Leprosy Eradication Programme Disability Prevention and Medical Rehabilitation Guidelines,Directorate General of Health Services / Ministry of Health and Family Welfare / National Leprosy Eradication Programme,,updated operational guideline,clinical_operational_guideline,dermatology / rehabilitation / leprosy,disability prevention medical rehabilitation nerve impairment ulcer care self care assistive devices referral and rehabilitation in leprosy,India,https://clinicalestablishments.mohfw.gov.in/sites/default/files/standard-treatment-guidelines/516.pdf,2026-10-03,TRUE,MoHFW_NLEP_Disability_Prevention_Medical_Rehabilitation.pdf,06_OTHER_VERIFIED_GUIDELINES/MOHFW_STG,registered,Category: Leprosy / Disability Prevention / Rehabilitation; official NLEP DPMR guidance for primary secondary and tertiary levels; updated abridged version of earlier DPMR guidance
ncdc_antimicrobial_use_2016,National Treatment Guidelines for Antimicrobial Use in Infectious Diseases,National Centre for Disease Control / Directorate General of Health Services / Ministry of Health and Family Welfare,2016,Version 1.0 (2016),clinical_guideline,infectious disease / antimicrobial stewardship,empirical and definitive antimicrobial treatment of infectious diseases antimicrobial selection dosing stewardship and resistance containment,India,https://clinicalestablishments.mohfw.gov.in/sites/default/files/standard-treatment-guidelines/86111.pdf,2026-10-03,FALSE,NCDC_2016_National_Treatment_Guidelines_Antimicrobial_Use.pdf,06_OTHER_VERIFIED_GUIDELINES/NCDC_NCVBDC,registered,Category: Infectious Disease / Antimicrobial Stewardship; official NCDC national treatment guideline Version 1.0 2016; retained as historical reference and not current because newer ICMR antimicrobial guidance exists in this KB
mohfw_stg_cardiovascular_diseases,Guidelines for Cardiovascular Diseases,Ministry of Health and Family Welfare / Clinical Establishments,,standard treatment guideline,clinical_guideline,cardiology / cardiovascular medicine,cardiovascular diseases including acute coronary syndromes congenital heart disease rheumatic heart disease and related cardiovascular conditions,India,https://clinicalestablishments.mohfw.gov.in/sites/default/files/standard-treatment-guidelines/3811.pdf,2026-10-03,TRUE,MoHFW_STG_Cardiovascular_Diseases_in_India.pdf,06_OTHER_VERIFIED_GUIDELINES/MOHFW_STG,registered,Category: Cardiology / Cardiovascular Disease; official MoHFW Clinical Establishments specialty guideline; publication year to be verified from PDF
mohfw_stg_liver_transplant,Guidelines for Organ Transplant - Liver,Ministry of Health and Family Welfare / Clinical Establishments,,standard treatment guideline,clinical_guideline,transplant medicine / hepatology,liver transplantation indications evaluation perioperative care immunosuppression post-transplant surveillance and complications,India,https://clinicalestablishments.mohfw.gov.in/sites/default/files/standard-treatment-guidelines/1511.pdf,2026-10-03,TRUE,MoHFW_STG_Organ_Transplant_Liver.pdf,06_OTHER_VERIFIED_GUIDELINES/MOHFW_STG,registered,Category: Transplant Medicine / Hepatology / Liver Transplantation; official MoHFW specialty guideline; publication year to be verified from PDF
mohfw_stg_gi_surgery,Standard Treatment Guidelines - G. I. Surgery,Ministry of Health and Family Welfare / Clinical Establishments,,standard treatment guideline,clinical_guideline,gastrointestinal surgery / general surgery,gastrointestinal surgical diseases assessment operative management perioperative care and referral,India,https://clinicalestablishments.mohfw.gov.in/sites/default/files/standard-treatment-guidelines/2101.pdf,2026-10-03,TRUE,MoHFW_STG_GI_Surgery.pdf,06_OTHER_VERIFIED_GUIDELINES/MOHFW_STG,registered,Category: Gastrointestinal Surgery / GI Surgery; official MoHFW Clinical Establishments specialty STG; publication year to be verified from PDF
mohfw_nppcf_fluorosis_2014,National Programme for Prevention and Control of Fluorosis - Revised Guidelines,Ministry of Health and Family Welfare / National Programme for Prevention and Control of Fluorosis,2014,Revised Guidelines 2014,public_health_guideline,public health / dentistry / orthopaedics / environmental health,fluorosis prevention detection management dental fluorosis skeletal fluorosis non-skeletal fluorosis and programme implementation,India,https://clinicalestablishments.mohfw.gov.in/sites/default/files/standard-treatment-guidelines/9711.pdf,2026-10-03,TRUE,MoHFW_2014_NPPCF_Revised_Fluorosis_Guidelines.pdf,06_OTHER_VERIFIED_GUIDELINES/MOHFW_STG,registered,Category: Public Health / Fluorosis / Dental and Skeletal Disease; official Government of India NPPCF Revised Guidelines 2014
mohfw_stg_acute_sinusitis,Management of Sinusitis in Adults,Ministry of Health and Family Welfare / Clinical Establishments,,standard treatment guideline,clinical_guideline,ENT / otorhinolaryngology,acute sinusitis in adults diagnosis treatment imaging indications referral and follow-up,India,https://clinicalestablishments.mohfw.gov.in/sites/default/files/standard-treatment-guidelines/4221.pdf,2026-10-03,TRUE,MoHFW_STG_Acute_Sinusitis.pdf,06_OTHER_VERIFIED_GUIDELINES/MOHFW_STG,registered,Category: ENT / Acute Sinusitis; focused official MoHFW treatment guideline; publication year to be verified from PDF
nhm_pcv_operational_guidelines_2021,National Operational Guidelines - Introduction of Pneumococcal Conjugate Vaccine (PCV),National Health Mission / Ministry of Health and Family Welfare,2021,January 2021 national operational guidelines,public_health_guideline,immunization / paediatrics,pneumococcal conjugate vaccine introduction schedule implementation cold chain training communication and monitoring,India,https://www.nhm.gov.in/New_Updates_2018/NHM_Components/Immunization/Guildelines_for_immunization/PCV_Operational_Guidelines.pdf,2026-10-03,TRUE,NHM_National_Operational_Guidelines_PCV.pdf,06_OTHER_VERIFIED_GUIDELINES/IMMUNIZATION,registered,Category: Immunization / Pneumococcal Disease / Pediatrics; official MoHFW Immunization Division national operational guideline dated January 2021
nhm_immunization_handbook_health_workers,Immunization Handbook for Health Workers - English,National Health Mission / Ministry of Health and Family Welfare,,immunization handbook,clinical_programme_manual,immunization / community health,routine immunization vaccine administration cold chain session planning beneficiary counselling AEFI recognition and programme delivery,India,https://nhm.gov.in/index1.php?lang=1&level=3&lid=378&sublinkid=944,2026-10-03,TRUE,NHM_Immunization_Handbook_for_Health_Workers_English.pdf,06_OTHER_VERIFIED_GUIDELINES/IMMUNIZATION,registered,Category: Immunization / Frontline Health Workers; official NHM English immunization handbook; publication year to be verified from PDF
nhm_immunization_handbook_medical_officers_2017,Immunization Handbook for Medical Officers,National Health Mission / Ministry of Health and Family Welfare,2017,Reprint 2017,clinical_programme_manual,immunization / paediatrics / public health,routine immunization programme management vaccine use cold chain supervision AEFI and medical officer responsibilities,India,https://www.nhm.gov.in/New_Updates_2018/NHM_Components/Immunization/Guildelines_for_immunization/Immunization_Handbook_for_Medical_Officers%202017.pdf,2026-10-03,TRUE,NHM_Immunization_Handbook_for_Medical_Officers.pdf,06_OTHER_VERIFIED_GUIDELINES/IMMUNIZATION,registered,Category: Immunization / Medical Officers; official NHM handbook reprinted in 2017; retain for clinician and programme-level immunization guidance
nhm_aefi_2015,AEFI Surveillance and Response Operational Guidelines,National Health Mission / Ministry of Health and Family Welfare,2015,2015 operational guidelines,clinical_operational_guideline,immunization / pharmacovigilance / public health,adverse events following immunization surveillance reporting investigation causality assessment management and response,India,https://nhm.gov.in/index1.php?lang=1&level=3&lid=378&sublinkid=944,2026-10-03,TRUE,NHM_2015_AEFI_Surveillance_Response_Operational_Guidelines.pdf,06_OTHER_VERIFIED_GUIDELINES/IMMUNIZATION,needs_ocr,Category: Immunization / AEFI / Vaccine Safety; official national AEFI surveillance and response operational guideline 2015; OCR required before RAG ingestion
nhm_anaphylaxis_anm_guideline,Initial Management of Anaphylaxis using Inj Adrenaline by ANM - Operational Guidelines,National Health Mission / Ministry of Health and Family Welfare,,operational guideline,clinical_operational_guideline,immunization / emergency medicine / community health,recognition and initial emergency management of anaphylaxis following immunization using injectable adrenaline by ANM,India,https://nhm.gov.in/index1.php?lang=1&level=3&lid=378&sublinkid=944,2026-10-03,TRUE,NHM_Initial_Management_Anaphylaxis_Adrenaline_ANM_Guidelines.pdf,06_OTHER_VERIFIED_GUIDELINES/IMMUNIZATION,needs_ocr,Category: Immunization / Anaphylaxis / Emergency Care; official NHM operational guidance for initial anaphylaxis management by ANMs; publication year to be verified from PDF; OCR required before RAG ingestion
nhm_rksk_implementation_2018,Implementation Guidelines Rashtriya Kishor Swasthya Karyakram (RKSK),National Health Mission / Ministry of Health and Family Welfare,2018,2018 implementation guidelines,public_health_guideline,adolescent health / public health,adolescent health programme implementation service delivery nutrition sexual and reproductive health mental health injuries violence substance use and non-communicable disease prevention,India,https://nhm.gov.in/New_Updates_2018/NHM_Components/RMNCHA/AH/guidelines/Implementation_Guidelines_Rashtriya_Kishor_Swasthya_Karyakram%28RKSK%29_2018.pdf,2026-10-03,TRUE,NHM_2018_RKSK_Implementation_Guidelines.pdf,06_OTHER_VERIFIED_GUIDELINES/RKSK,needs_ocr,Category: Adolescent Health / RKSK / Programme Implementation; official NHM 2018 implementation guideline; OCR required before RAG ingestion
nhm_rksk_operational_framework,Rashtriya Kishor Swasthya Karyakram (RKSK) Operational Framework,National Health Mission / Ministry of Health and Family Welfare,,operational framework,public_health_guideline,adolescent health / public health,translation of RKSK strategy into adolescent health programmes services outreach counselling and programme implementation,India,https://nhm.gov.in/images/pdf/programmes/RKSK/RKSK_Operational_Framework.pdf,2026-10-03,TRUE,NHM_RKSK_Operational_Framework.pdf,06_OTHER_VERIFIED_GUIDELINES/RKSK,registered,Category: Adolescent Health / RKSK / Operational Framework; official NHM framework for translating adolescent health strategy into programmes; publication year to be verified from PDF
nhm_mhs_operational_guidelines,Menstrual Hygiene Scheme Operational Guidelines,National Health Mission / Ministry of Health and Family Welfare,,operational guidelines,public_health_guideline,adolescent health / menstrual health,menstrual hygiene awareness sanitary product access safe disposal counselling and programme implementation for adolescent girls,India,https://nhm.gov.in/index1.php?lang=1&level=3&lid=394&sublinkid=1023,2026-10-03,TRUE,NHM_Menstrual_Hygiene_Scheme_Operational_Guidelines.pdf,06_OTHER_VERIFIED_GUIDELINES/RKSK,registered,Category: Adolescent Health / Menstrual Health / MHS; official NHM operational guidance; publication year to be verified from PDF
nhm_wifs_school_operational_guidelines_2012,Operational Guidelines for School Based Weekly Iron and Folic Acid Supplementation Programme,National Health Mission / Ministry of Health and Family Welfare,2012,July 2012 operational guidelines,public_health_guideline,adolescent health / nutrition / hematology,weekly iron folic acid supplementation anaemia control deworming nutrition education screening referral and programme monitoring for school-going adolescents,India,https://nhm.gov.in/images/pdf/programmes/wifs/guidelines/edu_school_operational_guidelines_for_wifs.pdf,2026-10-03,TRUE,NHM_WIFS_School_Based_Operational_Guidelines.pdf,06_OTHER_VERIFIED_GUIDELINES/RKSK,registered,Category: Adolescent Health / Nutrition / WIFS / Anaemia; official school-based WIFS operational guideline dated July 2012
nhm_rksk_afhs_medical_officer_resource_book,Adolescent Friendly Health Services - Resource Book for Medical Officers,National Health Mission / Ministry of Health and Family Welfare,,medical officer resource book,clinical_programme_manual,adolescent medicine / adolescent health,adolescent-friendly clinical services counselling assessment referral sexual and reproductive health nutrition mental health and other adolescent health concerns,India,https://nhm.gov.in/index1.php?lang=1&level=3&lid=394&sublinkid=1023,2026-10-03,TRUE,NHM_RKSK_AFHS_Medical_Officer_Resource_Book.pdf,06_OTHER_VERIFIED_GUIDELINES/RKSK,registered,Category: Adolescent Health / Adolescent Friendly Health Services / Medical Officer; official NHM clinician-facing resource book; publication year to be verified from PDF
mohfw_stg_low_birth_weight_feeding,Optimal Feeding of Low Birth Weight Babies,Ministry of Health and Family Welfare / Clinical Establishments,,standard treatment guideline,clinical_guideline,neonatology / nutrition,feeding of clinically stable low birth weight infants including feeding method progression and monitoring,India,https://clinicalestablishments.mohfw.gov.in/sites/default/files/standard-treatment-guidelines/8361.pdf,2026-10-03,TRUE,MoHFW_STG_Feeding_Low_Birth_Weight_Babies.pdf,06_OTHER_VERIFIED_GUIDELINES/MOHFW_STG,registered,Category: Neonatology / Nutrition / Low Birth Weight; official MoHFW Clinical Establishments guideline; publication year to be verified from PDF
mohfw_stg_neonatal_jaundice,Management of Jaundice in New Born,Ministry of Health and Family Welfare / Clinical Establishments,,standard treatment guideline,clinical_guideline,neonatology,neonatal jaundice hyperbilirubinemia assessment risk stratification phototherapy exchange transfusion and referral,India,https://clinicalestablishments.mohfw.gov.in/sites/default/files/standard-treatment-guidelines/5461.pdf,2026-10-03,TRUE,MoHFW_STG_Neonatal_Jaundice.pdf,06_OTHER_VERIFIED_GUIDELINES/MOHFW_STG,registered,Category: Neonatology / Neonatal Jaundice; official MoHFW Clinical Establishments treatment guideline; publication year to be verified from PDF
mohfw_stg_ari_children,Management of Acute Respiratory Infection in Children,Ministry of Health and Family Welfare / Clinical Establishments,,standard treatment guideline,clinical_guideline,paediatrics / respiratory medicine,acute respiratory infection childhood pneumonia severity assessment treatment stabilization and referral,India,https://clinicalestablishments.mohfw.gov.in/sites/default/files/standard-treatment-guidelines/4671.pdf,2026-10-03,TRUE,MoHFW_STG_Acute_Respiratory_Infection_Children.pdf,06_OTHER_VERIFIED_GUIDELINES/MOHFW_STG,registered,Category: Pediatrics / Respiratory Infection / ARI; official MoHFW Clinical Establishments treatment guideline; publication year to be verified from PDF
mohfw_stg_recurrent_spontaneous_abortion,Management of Recurrent Spontaneous Abortion,Ministry of Health and Family Welfare / Clinical Establishments,,standard treatment guideline,clinical_guideline,obstetrics / reproductive medicine,recurrent spontaneous abortion evaluation counselling investigations cause-specific management and referral,India,https://clinicalestablishments.mohfw.gov.in/sites/default/files/standard-treatment-guidelines/3361.pdf,2026-10-03,TRUE,MoHFW_STG_Recurrent_Spontaneous_Abortion.pdf,06_OTHER_VERIFIED_GUIDELINES/MOHFW_STG,registered,Category: Obstetrics / Recurrent Pregnancy Loss; official MoHFW Clinical Establishments treatment guideline; publication year to be verified from PDF
mohfw_stg_osteoarthritis_knee_2017,Management of Osteoarthritis Knee,Ministry of Health and Family Welfare / Clinical Establishments,2017,January 2017 standard treatment guideline,clinical_guideline,orthopaedics / rheumatology,knee osteoarthritis diagnosis non-pharmacological treatment pharmacological management injections surgery and referral,India,https://clinicalestablishments.mohfw.gov.in/sites/default/files/standard-treatment-guidelines/31911.pdf,2026-10-03,TRUE,MoHFW_2017_STG_Osteoarthritis_Knee.pdf,06_OTHER_VERIFIED_GUIDELINES/MOHFW_STG,registered,Category: Orthopaedics / Osteoarthritis Knee; official MoHFW Clinical Establishments guideline dated January 2017
textbook_ananthanarayan_paniker_microbiology_7e,Ananthanarayan and Paniker's Textbook of Microbiology,Universities Press / authors,,7th Edition,textbook,microbiology / infectious diseases,medical microbiology bacteriology virology mycology parasitology immunology infectious diseases,India,,2026-10-03,TRUE,"Ananthanarayan_and_Panikers_Textbook_of_Microbiology,_7th_Edition.pdf",01_TEXTBOOKS,needs_ocr,"Category: Microbiology; 7th Edition per local filename; PDF audit found 672 pages with no extractable text, so exclude from first-pass ingestion until OCR."
textbook_bailey_love_surgery_28e,Bailey & Love's Short Practice of Surgery,CRC Press / Taylor & Francis,,28th Edition,textbook,surgery,general surgery surgical principles trauma perioperative care gastrointestinal vascular endocrine breast urology orthopaedics,International,,2026-10-03,TRUE,Bailey and Love's Short Practice of Surgery 28th Edition.pdf,01_TEXTBOOKS,registered,Category: Surgery; 28th Edition confirmed from title pages; text extraction audit passed.
textbook_davidson_medicine_23e,Davidson's Principles and Practice of Medicine,Elsevier,,23rd Edition,textbook,internal medicine,internal medicine clinical medicine diagnosis differential diagnosis pathophysiology treatment,International,,2026-10-03,TRUE,Davidson S Principles and Practice of Medicine 23rd Edition.pdf,01_TEXTBOOKS,registered,Category: Internal Medicine; 23rd Edition per local filename; title confirmed from PDF; publication year left blank pending direct verification.
textbook_guyton_hall_physiology_14e_2021,Guyton and Hall Textbook of Medical Physiology,Elsevier,2021,14th Edition,textbook,physiology,human physiology cardiovascular respiratory renal gastrointestinal endocrine nervous system hematology reproduction,International,,2026-10-03,TRUE,Guyton & Hall Physiology .pdf,01_TEXTBOOKS,registered,Category: Physiology; 14th Edition and 2021 confirmed from PDF title/copyright pages; text extraction audit passed.
textbook_harrison_internal_medicine_21e_2022,Harrison's Principles of Internal Medicine,McGraw Hill,2022,21st Edition,textbook,internal medicine,internal medicine clinical diagnosis differential diagnosis pathophysiology treatment infectious disease cardiology pulmonology gastroenterology nephrology endocrinology neurology,International,,2026-10-03,TRUE,Harrison 2022 mobile edition.pdf,01_TEXTBOOKS,registered,Category: Internal Medicine; 21st Edition confirmed from PDF; 2022 taken from local file designation; text extraction audit passed.
textbook_hutchisons_clinical_methods_25e_2023,Hutchison's Clinical Methods,Elsevier,2023,25th Edition,textbook,clinical examination / internal medicine,history taking physical examination clinical signs bedside diagnosis clinical reasoning,International,,2026-10-03,TRUE,Hutchison's Clinical Methods.pdf,01_TEXTBOOKS,registered,Category: Clinical Examination; 25th Edition and 2023 confirmed from PDF; text extraction audit passed.
textbook_kd_tripathi_pharmacology_8e_2019,Essentials of Medical Pharmacology,Jaypee Brothers Medical Publishers,2019,8th Edition,textbook,pharmacology,pharmacology pharmacodynamics pharmacokinetics therapeutics adverse effects drug interactions antimicrobial cardiovascular endocrine CNS drugs,India,,2026-10-03,TRUE,KDT-Essentials of Medical Pharmacology(8th Ed).pdf,01_TEXTBOOKS,registered,Category: Pharmacology; K.D. Tripathi; 8th Edition and 2019 confirmed from PDF; text extraction audit passed.
textbook_alagappan_practical_medicine_6e_2018,Manual of Practical Medicine,Jaypee Brothers Medical Publishers,2018,6th Edition,textbook,internal medicine / practical medicine,practical medicine bedside clinical approach diagnosis differential diagnosis management internal medicine,India,,2026-10-03,TRUE,Manual of Practical Medicine -- R Alagappan.pdf,01_TEXTBOOKS,registered,Category: Practical Medicine / Internal Medicine; R. Alagappan; 6th Edition and 2018 confirmed from PDF; text extraction audit passed.
textbook_ghai_essential_pediatrics_9e_2019,Ghai Essential Pediatrics,CBS Publishers & Distributors,2019,9th Edition,textbook,paediatrics,paediatrics neonatology growth development nutrition childhood disease diagnosis treatment preventive pediatrics,India,,2026-10-03,TRUE,OP Ghai Pedia .pdf,01_TEXTBOOKS,registered,Category: Pediatrics; 9th Edition and 2019 confirmed from PDF; text extraction audit passed.
textbook_robbins_cotran_pathologic_basis_disease_9e_2015,Robbins and Cotran Pathologic Basis of Disease,Elsevier,2015,9th Edition,textbook,pathology,general pathology systemic pathology pathophysiology disease mechanisms neoplasia inflammation immunopathology,International,,2026-10-03,TRUE,Robbins Cotran Patho.pdf,01_TEXTBOOKS,registered,Category: Pathology; 9th Edition and 2015 supported by PDF front matter; text extraction audit passed with minor MuPDF syntax warnings on a few pages.
